uid,Intention,Usefulness,Ease,Trust,Sex,Age,Driving Frequency,condition
efb7844a4df8430f9d1c2f72babe5e86,60,80,30,91,female,51,32,RadioTalk
7be560561f2141518bd4f6c2c3c9f487,56,62,36,85,male,52,34,AVAS
fa0885937e114e9a907a5a4feda5798b,29,79,27,52,male,49,30,TaxiDriver
132256b042674a5f8ed249578fc624b4,100,96,100,83,male,47,30,TaxiDriver
3b057c2796314ef6a61de34c28d63e03,68,78,37,50,male,52,32,RadioTalk
745947bca87348c2adc5880fa794ed74,75,80,24,16,female,28,5,AVAS
c1f0c9a4c8ae434c87894ac4c28d5d68,50,50,50,50,male,52,32,AVAS
84d3f08e719a4a3a87c2c0c3f6da121a,100,100,20,81,female,58,40,TaxiDriver
d58f5ed5444f44ca8aec9f3891f049d9,94,99,80,71,male,22,0,AVAS
421b48c78fef4252906f3c244238b028,100,77,85,68,female,26,0,RadioTalk
f575aabd9c0541b8a4b6e9f7421c7fe5,23,94,88,100,female,29,5,TaxiDriver
250698f2ad2947919919e966d5f4b88d,36,76,83,77,intesex,55,55,AVAS
fdec43a7ba404f4fa36e6718bae7964b,15,73,25,32,male,9,11,AVAS
023d6157a5804dc5b2d636ad70f8c17f,100,94,90,88,male,28,5,RadioTalk
cfb0e0b76216436abe0e139a677fb618,100,100,71,100,male,15,0,TaxiDriver
1806ac0b2b0f4caab33102b1265b88a0,99,85,100,99,female,15,0,TaxiDriver
c5b2079562ea42ff8ad5b70d50ae20a1,75,71,50,50,female,15,0,TaxiDriver
36e3c6c32d934783951454dc1940ae99,81,66,92,97,female,15,0,AVAS
1c2d52d73c6e46f183f577279f2996c9,50,50,50,50,female,15,0,TaxiDriver
e8d6b8836f414ce495365fb438661f18,100,98,99,100,female,15,0,AVAS
e4825281d48d4bbab4222768909f1ec2,75,60,25,85,female,15,0,RadioTalk
566e124ab03446ffa8fe39fb78c7e901,73,68,69,76,male,51,33,TaxiDriver
164e332ec2924d0a914886ab1f1804bf,31,61,63,39,male,16,0,AVAS
512d02013fe647c8a0bb3e9290c0a36d,5,0,15,25,male,16,0,TaxiDriver
a4e427f827eb42589c8f43450fc1bc8e,83,92,86,63,intesex,16,0,RadioTalk
da02776c15d04e2393b1144d8796e734,77,76,24,100,male,16,0,TaxiDriver
c6353aed95e844c0b2ccf4ef228e5e4d,81,83,100,28,intesex,16,1,AVAS
4e46172ac304489490d5bad9c45f3224,100,0,100,100,intesex,16,50,AVAS
7d9f04e23636460989c9de773943b086,10,50,21,22,female,30,10,AVAS
abfcfa038a154fca96021ac8aa10bd90,100,50,100,50,male,17,2,TaxiDriver
c80e7c76d94c4410ab3ffb83a08e5596,50,100,65,40,male,15,0,TaxiDriver
4f1e05eac1764d4e9a1c0c5a4ae3d770,39,63,50,92,male,16,0,TaxiDriver
81cf51fb8dad4f16803e00a6e4173c48,0,0,50,0,male,17,1,AVAS
961ffbc0bf0d41ba8c62daa57efa5103,0,50,0,0,male,16,0,RadioTalk
b7c574f801674f3aa3818b83ff1aa492,69,77,68,28,na,16,65,TaxiDriver
6aea6a99d05548ee9aba02106bf986f9,50,53,50,50,male,16,0,AVAS
0cb688c217c04fc7b6d8f4402de450e2,50,50,50,22,female,16,0,TaxiDriver
bfd80ab50d0e48d98fb56818d4fe275c,50,11,26,50,male,16,1,RadioTalk
47d99945ed3846d28a422a92d4a00a6d,78,76,79,100,female,16,0,TaxiDriver
15c51fd43e8c439fa9c3ba7ab7c827a7,50,50,50,50,female,16,5,AVAS
39b193553a81434b8b0579b41c0623f4,89,87,100,100,female,16,0,RadioTalk
8f6f5d32d40e437c99affa909fcaf2a3,28,0,50,23,female,18,1,TaxiDriver
62401b850b8345f880a870eeb0f798ae,11,100,58,85,intesex,17,99,AVAS
d8a7c2bdc91946bdb57af3f367c72424,100,100,100,89,female,15,0,AVAS
06b0a1b2a063465181e6dc7a0cb3d809,94,88,100,100,female,17,1,RadioTalk
d231688a01174a609eae555b88fad8d3,0,0,20,20,male,16,0,AVAS
a628dc6a75b24b55ac861c379dcedcec,82,50,67,79,female,49,30,TaxiDriver
89dbea0141634682aa7493f146ffc464,20,31,19,20,female,44,20,TaxiDriver
593815f101174f5caeb6efe2804b20b9,87,84,79,50,female,8,0,TaxiDriver
1890c7b8c5004f30bd551c8c83ff7392,50,25,1,50,male,60,38,RadioTalk
b2e4d0f90a74498e9f978fafb36e9960,23,50,50,78,female,23,6,RadioTalk
a3a133cbc9d4496eb0f1a366461f3bd5,23,34,50,36,female,54,30,TaxiDriver
cf8bea70b941498a9a6859dff1b2d445,100,84,100,50,male,58,40,TaxiDriver
1ab45d75eb2b4504a98fc6d8173e5130,100,86,70,100,male,25,0,TaxiDriver
befffabc225a40bbb1927b1983ee47f2,50,67,77,75,female,32,14,RadioTalk
5fd3ebf0b2574ff681ba6a6e5b486781,100,83,50,100,male,10,0,TaxiDriver
6ec65493eedb4419aaffaa03f6debf45,75,51,100,100,male,10,0,RadioTalk
4d6a0a3ba3484984992a6c0fe7491fe4,12,20,19,51,male,12,0,TaxiDriver
8b8eae26647e4d789136401739549c0d,78,50,83,83,female,9,2,RadioTalk
c8118d4f1eb74a17bac34d1466b4da6c,0,19,100,100,male,14,0,AVAS
16d5962800f143be9ff1d1578b5960f6,50,49,19,13,female,46,26,TaxiDriver
c19d6062e3df4c6b90989d4164cd7124,100,100,100,100,male,51,32,TaxiDriver
0c377d46a9284783950f4228f921a4a2,50,65,84,88,female,9,0,RadioTalk
2cbada8826e0465d94221bda6381478b,21,81,37,21,female,13,0,AVAS
6c6cfa5b87a748f6a2dbf03b1c314bb7,100,51,98,100,female,9,0,RadioTalk
8f5085646e1a4acd8906e8d5320ed9d5,100,100,90,100,male,32,22,RadioTalk
eaec15425bfd48f4a7963babd808e4c7,50,85,85,100,female,31,13,AVAS
72ca3d2fb22a4a1b97961be5a1a1d789,75,77,76,84,male,43,15,TaxiDriver
b2d8fd554293405b9704b54a05507c49,100,100,100,100,male,49,30,RadioTalk
a78970821ddc49acaa266bf6c8595f40,50,100,60,100,female,49,31,AVAS
561a562faa684eada747400c756cadfa,100,100,35,100,male,52,30,AVAS
286440ff9578413286eb2fd96709971a,52,50,48,50,male,14,36,TaxiDriver
ca74d461741047d0815f3159a27cdf43,50,50,50,50,male,3,0,TaxiDriver
51a966b5cc1745e68687fc6d210092d1,100,100,100,100,male,18,0,TaxiDriver
cb52895bb55c4b7f8f4fc654ab68ffb4,100,50,90,62,male,50,32,TaxiDriver
3d410bdb46f24658b1d58e95e7468bd5,50,50,50,50,male,17,2,AVAS
9085a35344f54334a88276b26758d07d,50,50,50,50,male,26,3,AVAS
f43c0fffc6d4431d8b2571126edd2f13,100,100,100,100,male,12,0,AVAS
7e3bd44a3aef440d98f1124cbdcbdf71,100,50,50,50,male,51,12,TaxiDriver
f764d085815f49e7ab8ae36e2e240b05,50,0,0,50,na,8,0,AVAS
b3ab2a97c5704d89891a7f1187472f22,50,50,50,50,na,37,3,TaxiDriver
3b21e13f1eee40dc815ef2ef2263cce0,50,100,50,100,male,29,0,TaxiDriver
07984db2c6f8419ca413f0b13948240c,100,50,50,100,na,29,0,TaxiDriver
70f2eca657514bd59159ba510094608f,66,73,65,84,male,38,8,AVAS
1e0961aa2645473c9e49f420bae2e06d,50,50,52,81,male,58,40,RadioTalk
01291315ef4943b68c960bf4d0eeab92,18,21,27,0,female,55,30,RadioTalk
7d7dcdbbe5f84a6ead93310a4d42757a,97,100,50,78,intesex,26,0,RadioTalk
2f6e35aac1744b79968efce9983adb8e,74,74,85,100,male,26,2,TaxiDriver
24e90d4e0cc04aa1bc740dc9934b33a0,100,100,100,86,male,26,7,AVAS
7cc97e37257b4a6bb237b51f69509b36,80,91,70,85,female,40,22,RadioTalk
7b85208639764516b982883dfb104609,88,88,88,88,male,15,88,AVAS
9677d116ac4849658e63445ae9c610b4,50,50,75,50,male,48,29,AVAS
f548ea47dd764afeaa4748b29bf2b780,50,81,50,70,female,27,10,AVAS
032f8e5b85d843c1bd982341ba4c67fe,77,50,82,50,male,75,25,TaxiDriver
41eaf1ad50314f0bbe7b9b63e2e2ab17,45,100,69,80,male,16,1,TaxiDriver
7b577a6bb7f94d88b80b1fb882771dfb,100,100,100,85,male,62,44,RadioTalk
6496eb2cf1bc487d94e718257fabceed,50,66,50,78,male,52,30,TaxiDriver
901c15504f2c4c04a7ad28986ccef0d1,0,10,80,64,intesex,38,20,RadioTalk
ea8e5ce9c13148ecbee461ccb602fd17,5,0,6,6,female,50,32,RadioTalk
1922cae87b4f4c7eaba3c4dc9372db60,100,84,100,87,female,27,7,RadioTalk
056909de362f4ae9a377809cf15f2960,100,90,100,100,male,27,7,RadioTalk
6482764330f1478db8fea058d3933813,50,100,100,100,male,30,12,TaxiDriver
960e36520e8b41be823b95c9c12b50c0,50,95,65,50,female,59,41,RadioTalk
dd8c37925b6e4a1bb8020521c007e50c,50,50,50,50,na,56,35,AVAS
12af8b84c754473eaabea60b54923edc,50,50,67,38,female,20,3,TaxiDriver
085269d6efb4470496bcef61016d0137,60,100,85,33,male,25,6,TaxiDriver
7e44d02aeb114bb5a49b55bccafbcbf2,50,43,36,100,female,10,0,AVAS
c3d0c280c9b34aafb87481eed8d09e77,100,65,50,60,male,26,8,TaxiDriver
7f271168b87648b98cf41a8742b8e4cf,80,88,100,86,female,21,3,AVAS
38ef9245966343ce8b02f3e5bbc8fc89,50,50,50,50,female,13,0,RadioTalk
13d8d8f0977d40a9abe3ac351fb6ba1f,50,50,100,100,female,10,0,RadioTalk
44a906faa97d4252b2370d184c3d13b1,50,50,50,100,na,9,0,AVAS
67ad52245fa64d9592f59082e6de4981,100,100,100,40,male,11,0,TaxiDriver
84eeeb6ca8f0475fb2703259ea04c43a,50,91,100,50,male,47,29,RadioTalk
f622ca46c3eb4b058e925416ed7c4b8c,100,100,100,95,male,11,0,RadioTalk
33e47718b9424dc3b8c54158058b0f09,100,100,100,100,male,64,48,AVAS
92ff77cf95344aed941ecc8ee9ee1c8f,60,60,71,50,na,20,2,RadioTalk
0c128083b36e4e60b2966514e36da3ba,30,50,18,21,male,51,35,RadioTalk
edf49668f0ee4b16893cf50f242ee111,65,73,50,36,male,40,20,AVAS
1810e33dd2974e72b67739f6b6fdb161,95,80,95,66,male,50,38,RadioTalk
0d44a612b145420b88a2e560c3e7d2ca,5,84,31,19,male,13,0,RadioTalk
543f467dd0dc4f698454cbb6bd17a1d1,20,14,100,100,female,8,0,TaxiDriver
68a5cb7cd66b4202809f167b7e84a37a,100,100,51,100,male,8,0,TaxiDriver
0eb801e150094e1b825e8ebba3e67463,50,50,50,50,female,10,0,RadioTalk
c2c89ff6d7894398a969f48ec5b3eb81,60,60,40,100,female,12,0,RadioTalk
13cf60e3c0bb461bae73a47cb2bcaf2b,100,100,99,83,male,53,30,AVAS
dfa98fb6c8f04578a17532779fe45b2d,50,50,50,50,male,35,9,AVAS
1d448fd5da494efdb800f503632b2f5e,50,90,60,100,male,13,0,RadioTalk
0d9cfcad41084d498a376b0b15289108,93,100,69,76,male,44,25,RadioTalk
b044fd2b51314c4181b7414398026497,68,47,81,35,female,24,6,TaxiDriver
0fd9aba6f5504226964be094d4d82a4f,38,34,68,81,female,26,7,RadioTalk
cef4f564c1e34b8eaf1a75dca42011e5,0,0,1,24,female,48,30,RadioTalk
ab95378fa50348debed39e4c1037d56e,100,82,100,79,female,48,30,AVAS
5d07bc3849ff4905a4253b021c6298a2,75,83,71,86,female,41,10,TaxiDriver
c674b72d2a8347fe9c44aaf4bcd00bf4,100,85,100,100,na,14,14,TaxiDriver
8a270c585c5a4d428f3e485ef33201ac,50,100,50,100,female,8,0,TaxiDriver
d906a7afa3c34db0ba693844016d9382,100,99,89,74,female,13,0,RadioTalk
30bb3ad094b740a19904e8b309a33908,71,85,69,100,male,9,0,RadioTalk
025c7eeb75b640749ade3acd052df5a2,100,97,92,82,male,43,25,TaxiDriver
0247a28d6ddb4208bdcca6c0adf25578,42,66,66,91,female,42,24,AVAS
e65de41140fa45c09a260db16a3efd8d,62,78,70,39,male,58,30,RadioTalk
2e94b6d6e1b94f15a1191172a5b22036,72,25,90,80,male,19,1,RadioTalk
ecaced8b38cf429389c55dbe67f2a3f2,100,100,100,95,male,40,18,TaxiDriver
3922e56865bc4cf0a0f8aa2ced40d86a,50,50,100,100,male,25,2,TaxiDriver
c621881bb3fc451c960342a5ea645482,0,69,50,80,female,24,22,RadioTalk
4cc5b946ede74c0a96350f8d86886f9c,26,41,32,31,male,30,12,TaxiDriver
824ae35c9db2426a9a916dccca4f88d3,75,75,50,80,female,17,0,RadioTalk
e6001140870e4b70aec5181d2ae74b4e,80,49,45,94,male,51,32,AVAS
b26cb4e27934477da819826cf63816a0,27,48,23,50,male,47,30,AVAS
fac4fd2ea08c426d8a87eea5b1073882,75,61,45,60,female,53,35,RadioTalk
493bbc66f2f74ece8687c7c714dc3781,58,90,50,75,male,15,0,AVAS
4d1510ffb7df49d8bd4b57b6d7999299,100,83,75,48,male,18,2,AVAS
4652b4a182c94a8c859a6bc7865f60bb,94,83,81,76,female,10,0,AVAS
254c22fbfdaa4367be3f416de1270b96,86,56,67,76,male,10,0,AVAS
1a6a7737c01b4263bec47ee8ce055077,72,99,50,79,female,8,0,RadioTalk
a1ba0d6d2bb4406db691fa1b4504bb4e,74,75,74,74,male,31,13,RadioTalk
e14bc5888df24f459bc3fc5e056a5e35,50,50,50,57,na,1,11,TaxiDriver
58d468a42e6640c9ab69e29b9313954d,100,67,50,100,female,12,0,AVAS
34ad336010874e339ed6cc700eca4fb1,50,50,50,50,female,11,0,RadioTalk
56ccaa155d684af39e8b7c46051afc9e,84,74,83,84,male,14,0,AVAS
be69dad810ac468e9ca840fb9bbc22c8,57,50,50,50,female,14,0,RadioTalk
3a4b2f6e798f4baab333afd53a91e439,0,0,0,0,male,16,0,AVAS
e96da62a52b44cd08c21ffc3cde9e9a5,50,50,50,50,female,12,0,AVAS
b306f3969ac44507a6db914c65c5773d,64,75,66,61,male,53,0,RadioTalk
51d7649c16c84485935293c2c99e6974,100,100,100,100,female,12,0,RadioTalk
4182c960017e46eaa27dbafb155c9df0,100,100,100,100,male,35,15,AVAS
ef142d6778e345719fbc1f576fdd06d0,100,100,93,98,male,9,0,AVAS
3811920ce2e1405fb13e1765cb9f3dc8,26,17,90,50,male,56,40,RadioTalk
a6628cc516234c47b7e42dbd1a62f382,67,89,89,91,female,54,35,AVAS
5593272e450d4d6e85122d394b224400,100,80,69,100,female,11,0,RadioTalk
d61ea2f252564b2ebec0d3782ebdd994,62,36,66,67,male,57,35,TaxiDriver
fc252bbb278b4130859c16481c0e272e,78,90,65,100,female,10,0,TaxiDriver
8b13380451eb4caab5135282908eb53c,100,100,100,100,female,9,0,AVAS
cd25a808f43d4957a7b14d9c609a884e,50,50,50,50,male,30,7,RadioTalk
4d6950ce97234f37909958660c9afe1c,100,100,100,100,female,9,0,RadioTalk
dbcfaef83d1f4a4689e425661104024c,23,16,50,100,male,58,38,AVAS
609db4532b4c4449bad1b4060741c8fd,74,81,65,94,female,46,28,TaxiDriver
aab4931876034b02a6af337e897bd7d2,100,100,100,38,male,12,0,AVAS
4703648ff9154f00bd87918f87785b17,100,99,100,88,male,14,0,RadioTalk
465d1f11fb0d47e895f94e0aa78bc0a9,33,100,100,100,male,13,0,RadioTalk
6aca18e83d1f4007b03cceb626193be9,100,100,100,96,male,13,0,AVAS
b235d32d1dce4dc98d117381678281c5,100,50,100,100,male,10,0,AVAS
98b268982701458b8d30d563cc2494bc,50,54,50,100,female,6,0,RadioTalk
1518aa56dfff41b3837cd0a1d02063c0,54,60,45,100,female,12,0,TaxiDriver
b4d8d47ef8184f049a555096725bd42f,100,77,100,100,male,46,26,RadioTalk
8b0adae7c255421aae75422ced6337d6,47,100,100,53,na,11,0,RadioTalk
45aca7768c0048998e72091d8a13cbe6,100,100,87,100,male,47,12,RadioTalk
9fc1a0bdbc4c4ffbb825c55c0e44cc3b,100,100,100,100,male,39,22,RadioTalk
e28b6f56f9944189a9a6a0046a07d2d9,28,18,12,93,male,7,0,TaxiDriver
d91ca06f8c9e4d198b076285a1ca6f68,100,100,100,100,male,16,0,AVAS
eac76a3357894015a3cb8ca5d16f1e9c,100,100,100,100,intesex,10,28,AVAS
bda4c25cef8c48969287d1aaf695c4d1,31,0,100,90,female,14,0,TaxiDriver
6f39051778004c579191ecb1899644b0,75,54,24,100,male,16,0,AVAS
8890e120027a4afebcee4e7790abb228,91,90,98,82,female,55,30,AVAS
d80cf4e8a0df4871a868c525fa18fa3b,50,50,50,50,male,8,0,TaxiDriver
490cef787d504fd69ce835d6aedc7a8b,100,100,98,100,female,45,0,AVAS
b9f3e74ccbe64dd19868b1cac5d25536,85,67,88,91,female,13,0,AVAS
6fba050f08df4947a5fe0d3074a08b78,59,73,50,100,female,8,0,RadioTalk
105d5928185749a38a2c863509e91099,100,93,100,100,female,10,0,TaxiDriver
ab3dcf3d572e45bfa539452ec543a947,72,97,100,100,male,8,0,RadioTalk
6020d9dd23e14812b0608e49b2c2ee09,86,100,92,86,male,49,31,TaxiDriver
62118ec1f18045ee8f96bb253261e1b3,50,78,68,100,male,10,0,TaxiDriver
fbdfb0a609944c929d8fa61dec4fd115,100,100,100,100,male,8,0,TaxiDriver
6d365fe8dd8a48ed8c4a76cd6c127d11,81,94,74,100,male,10,0,TaxiDriver
023a7f7f06484bada49f4d56dad4e090,72,89,59,86,female,8,0,AVAS
8a7424e797c346229232f74272a289a6,78,50,50,50,male,7,0,RadioTalk
a508f5ddf7c6406abf64c0ebf3a13efc,50,100,100,72,female,22,3,TaxiDriver
1d3a594571c34c6b831e003d5e80a69c,50,50,8,37,male,20,0,RadioTalk
5c868901c931462cb78c8c53592aaa80,100,100,100,69,female,20,1,TaxiDriver
5d01511c805e4f7eabf8a63057cca9e2,86,66,77,63,male,13,0,TaxiDriver
7d1f9c3114794284b7f46998801d553d,78,46,100,100,male,12,0,TaxiDriver
acde437552834d72b833c9311c4eef4e,73,42,66,100,male,9,0,AVAS
c4df2dda390f4209913e4a6d8a7e7423,100,100,69,100,male,9,0,AVAS
aca6ec18a92040b2977ecb682137a94e,100,100,100,100,male,10,0,RadioTalk
c07b6e6879674d9f8096d88e53c99bb1,100,100,100,100,male,9,0,AVAS
639c43529ed441679343abae71ac1fdb,50,50,80,100,female,8,0,RadioTalk
97e92fc605a24d5d94529a322e61f937,96,84,82,79,male,48,20,TaxiDriver
d0bf0130293e478f9cc6c5c20b380f6f,60,70,75,30,male,12,0,AVAS
c7f6750fcc504330956590f3d13cbd55,22,29,23,50,male,51,30,TaxiDriver
ef9903e79b60425fb43e744a71563cae,100,100,50,80,female,9,0,TaxiDriver
b94bedec43d54a88accffddeeea5cf00,50,72,50,89,male,12,13,RadioTalk
606e02a869884dd083f33014ad80f944,50,50,50,50,intesex,6,2,TaxiDriver
373a34bb7b77441ea604cce39951c030,50,50,50,50,female,36,10,AVAS
f188652404354ac3bae0ac9968227380,50,50,50,64,na,37,9,TaxiDriver
d1105914559946469bd677edfd2ce4b0,71,50,50,75,male,21,5,RadioTalk
b83739603dd14bc48041357b86b5de0c,83,98,92,88,female,20,3,RadioTalk
663bdf7685d8483e83a89ba44505345d,50,50,50,50,female,9,0,RadioTalk
0b5e0968a91d46a78f6a550767564585,78,50,87,50,male,8,0,AVAS
32162b89750f47efbc850464e6f0888c,100,75,100,100,na,10,0,RadioTalk
f7aa9f1bd79a4162885821cd392f0c8d,100,100,88,100,male,46,28,TaxiDriver
93609dc0df5f44118c801442c85321e4,100,100,100,100,male,11,0,RadioTalk
12b09b201b874cad955c37c9fda7782a,100,100,84,66,intesex,25,58,TaxiDriver
3aee23bd900c49a5983b11116c9140cb,0,100,100,100,male,19,0,AVAS
c6516552dc984e4b8755aed9ef470e85,100,100,100,100,male,9,0,AVAS
bfb15073c6144d9b8e9089113eb389a1,77,93,70,97,male,12,0,AVAS
f89ddaadfc014185975d2ce01abf8928,27,75,52,100,female,10,0,RadioTalk
15861b9eaa2f4bc8b0e2cf53972cd621,50,0,51,62,female,12,0,AVAS
706165a90c994ca89e8574b4772f161c,50,100,100,100,male,10,0,AVAS
51f7162f60434d4f94acc946d1c4f7bd,50,50,50,50,male,32,10,TaxiDriver
521fd9370f17436c8ed4b7ab932ef19a,40,50,48,20,female,14,0,TaxiDriver
b16efed7484d433f9abf19c1d8b56dbe,0,0,50,100,female,20,1,TaxiDriver
c6e921cf987c4e3498c6cf919b94754a,100,0,0,0,male,10,0,TaxiDriver
4521de7cd32e434ebcf4d637d2e28816,100,50,50,98,male,23,4,TaxiDriver
1cbf6bb0b2424000a3ec760e94710b7c,34,0,0,38,female,10,0,RadioTalk
3838bc9a50724331a634c836ab2c2061,0,50,0,0,female,40,20,RadioTalk
684b4e7db71946f2be03e3524f6abf03,38,25,0,100,female,11,0,RadioTalk
6b7fde67ae8f42a8b96f191e73ec7652,1,75,5,100,female,12,0,TaxiDriver
54ea7405c0f34b1c8efb6e30fc46284f,50,33,87,83,male,59,38,TaxiDriver
4f342b8cd41540d0a3d82c6e62ee1801,45,55,50,100,male,7,0,RadioTalk
64c0b4d51f2f449aaf752a6d7c387dd3,0,0,0,100,na,19,1,TaxiDriver
8ad1335dfc4d435aac5efc5d76cb036f,38,36,50,50,male,45,20,RadioTalk
79caaabc11054456bc3f376c038f57d4,67,88,63,94,male,14,0,RadioTalk
21893e786926499ca8839a4717357058,50,50,50,50,male,9,0,AVAS
69fd4df55bcc481c8d2f14c54eb78514,88,100,82,77,female,11,0,AVAS
aba6512fd68540afbca98bb3d351250c,63,59,66,70,male,48,30,AVAS
7ed8946cf4d4484ba7b90a2795c3355d,80,50,50,83,female,5,0,RadioTalk
ec4aa26b70534b9fb7d853b770909d13,70,65,51,85,male,10,0,TaxiDriver
3eaeb140b3984dbc9331c29a132b349a,91,94,86,82,female,45,20,AVAS
d20279682c5c4daf8b67a760e908afa6,78,74,71,100,male,50,30,AVAS
3a11004719554e50b71348b6300ff0fe,100,100,95,93,male,53,30,AVAS
d2351371ceb3492e9d29138e0cbcb29a,100,100,100,100,male,11,0,AVAS
abbef63ca36e4e3dba12eab194612050,50,84,81,100,female,50,20,TaxiDriver
1613baed641142188e1e26aeecf8590d,74,75,37,62,female,29,11,TaxiDriver
9bfb8e4d7aae4e01b6f7ad89dacb4fe0,50,80,72,78,female,64,35,AVAS
2890eb065faa48ec8019b8a1d3db0f62,100,100,100,100,male,10,0,RadioTalk
7654e5c9c3d24ce29399c7ac62d991bc,79,83,93,74,female,49,30,RadioTalk
7ff6a3bee2d24914977a5cb93bd56d3f,100,84,100,100,female,41,18,TaxiDriver
d13e6129cfa04e2f98b94f5893831df2,74,81,87,86,female,14,0,RadioTalk
16a2c502f262461db746c609c14b3b40,85,50,100,100,male,9,0,RadioTalk
4efe8d874bc845c1a464d55db21edf07,100,100,100,100,male,23,5,RadioTalk
b3ca5de9d53f449eaa3734eec1a1ecaf,100,100,100,100,male,9,0,RadioTalk
51865bc0cca54034a8997c2b8991d33c,100,100,100,100,female,21,2,TaxiDriver
a0f5881dc9884bae880ff967348f32f8,97,75,50,50,female,59,35,AVAS
f3417cba40f8425cafdf4eec5e3a82c6,31,50,74,89,na,14,0,AVAS
841f3ee239374294ab5882479834d276,80,65,61,90,male,19,3,TaxiDriver
91e896b5d3ec4a80b9364155beb32c80,40,60,75,60,male,56,37,RadioTalk
bf6ba782236e4a0d90dc5ee39b3a3e62,78,72,0,100,male,11,0,TaxiDriver
8d564784bebd4fc2953f3fdfafc3c4ca,50,50,80,80,male,5,45,AVAS
4547a3fe8f8b474dbb9d2561238b0831,86,79,77,83,na,46,30,AVAS
b1b9ecb181604e789a8affb753c10cde,50,50,50,50,male,14,0,RadioTalk
30467892e2f341ce874f99bbd6c3c1cf,50,50,50,50,male,4,0,AVAS
3d3b83918589468f8be7e85ac28db1b3,50,50,50,50,female,4,0,AVAS
84e5f06bfb6a46c5a68cc9dd559f45ea,50,62,68,100,male,13,0,AVAS
42358fbaa36b4932bbcdf317b6b635e6,17,30,96,100,male,12,0,AVAS
bfcff4daa47f464f9a79787522f9bd33,50,50,50,50,na,6,7,RadioTalk
1bf953003c894c7fa25633aae45d0a66,77,13,100,29,female,10,0,RadioTalk
801fd43bc65b4495b088f85283394e8f,50,50,50,50,na,8,0,AVAS
c754492241cc4ad584c804b3993591d7,76,67,71,100,female,14,0,TaxiDriver
3134b3fe2fe44873bedb63e107806177,50,7,38,50,female,52,30,AVAS
423ba11d862a4135a33c2a1708845296,79,29,75,76,female,14,0,AVAS
f2e32f9ac94348bd8711c5dd79dbe31a,50,100,32,100,female,32,12,TaxiDriver
92822db69bc041249a8bb69566677f2c,10,87,9,21,female,52,0,RadioTalk
25a0f404e11c479794c33307fdb453ec,70,92,81,97,male,14,0,AVAS
9e28adedc3c848ac80c9132d81d00889,50,50,50,50,male,54,30,TaxiDriver
7a887a100fe24c17905530f19325b6ca,100,100,100,100,female,10,21,AVAS
e8142573235b44fda9c3ecab45642fff,60,60,85,75,female,35,17,TaxiDriver
ad12bbf1951b47838db848a3a0e8e12c,50,100,50,50,male,7,0,TaxiDriver
16d52758030a4328939d12088fd03cac,74,62,70,77,male,44,20,RadioTalk
1e8337410f68453a95aac3673399b3ab,0,50,50,50,female,54,35,TaxiDriver
01b544bdfc9447a7b6a7935d3f7456fb,55,25,30,40,male,22,4,AVAS
26451ded570949f4aef9a7b36778102f,65,72,45,65,female,21,1,AVAS
4268fdf55251440880f8a5d2ec678e39,80,90,60,40,female,28,11,TaxiDriver
68121e3c78224edc801a57e423f76c41,71,23,66,68,male,35,4,AVAS
a523a493f9684aba926670ade61eaed2,76,81,99,96,male,46,28,TaxiDriver
c8c5feb926f04d4084ae4fbde606754c,64,66,70,69,male,8,6,AVAS
7f3e98dcf8f6402389299d75c45b2136,50,50,50,50,male,4,0,AVAS
c3ddcb60988648c381e38d249857f6b1,100,50,50,50,na,6,6,TaxiDriver
aae75609ece6434d846401fa1fbde61a,50,50,50,50,male,3,0,TaxiDriver
100be675cf904c04834f8434819b7364,28,32,38,76,male,12,0,TaxiDriver
e8c078de390f49b1a968d9421ca5be3e,50,50,50,50,female,7,4,AVAS
738edf7b862345f9af439cc34859d345,50,50,50,50,female,10,1,TaxiDriver
926a85b765db477cb4080cad993cbfe9,50,50,50,50,male,31,12,TaxiDriver
b9bda61e42bc41d9b661e77e8391fae4,50,50,50,50,male,61,45,AVAS
02efa5bc14784859a4186121f2ed2b5e,50,65,35,50,male,59,40,TaxiDriver
f9721075b23c44e988a5a36a4f257830,24,16,15,84,female,56,30,RadioTalk
33670a5815904e06b627d9925dcfcacd,100,76,77,100,male,52,36,AVAS
c8cb408895554ebcbd5f64aebd680ee0,50,50,20,25,male,23,1,AVAS
f5a2a81e14a74bffaa5e1684f2b8d8b1,81,83,89,83,male,18,1,RadioTalk
414931308c3d484a8766a252aa88e108,26,60,27,30,female,26,2,RadioTalk
59afef9791b34a21b4a6f066dbd2007f,83,27,92,77,male,19,3,AVAS
b549e1b1813344a794b7b940be3819e4,21,61,100,100,male,59,20,TaxiDriver
5f6e94b406674d73909933e86277bacd,71,20,100,33,female,13,0,AVAS
2636e8e7e6cf4c92a4c2a91a4edc10c4,100,50,50,50,female,57,42,AVAS
25b0f7eb8262408aa54f14136c3e04b6,85,27,100,28,female,16,1,RadioTalk
173d2499f4ff42a3adfd478f7a3847f7,100,100,100,100,male,60,40,AVAS
648abdd417fa489b9dc39be310ec5f98,87,71,84,75,female,30,6,TaxiDriver
bce40f54e2d84a45acfedc45c5b25411,100,100,100,100,female,52,32,RadioTalk
7d45439559ec4efeb308ea9080726943,70,50,63,93,female,9,0,TaxiDriver
d67ae7632f034816a444daf6e7bcdf8b,50,100,50,100,male,58,45,RadioTalk
0f98205950c24a51920686651503b87c,94,60,61,61,female,9,0,TaxiDriver
35c7c56acdd041eabecff37a0779a389,50,100,65,100,male,27,10,AVAS
de407a17f5b747ec814887e324231685,87,50,71,82,female,58,45,TaxiDriver
be76a02050374890a84e93951f9b4fd3,28,79,77,100,male,28,10,AVAS
4ede7d852dfb4dbcbf85da6c8ab9df08,100,98,97,75,male,11,0,AVAS
a8dc2118d1d945708601976f80c6184a,63,23,100,81,male,15,0,TaxiDriver
be77d1f820c9469088319007afa89563,81,87,50,61,male,10,0,AVAS
b8579b56f1624658a230c7391014096a,98,100,80,100,male,11,0,TaxiDriver
4ae2b85d13f245b195bc6257b516940c,100,100,100,100,male,9,0,AVAS
1752c7b7869f4894a5f3a265446ff7e7,50,50,50,24,intesex,25,4,TaxiDriver
aff383dfc915495e8157b658bc1808db,75,72,79,91,female,12,0,AVAS
2ac70969c4a64fc2a75bc23b24fd7e1f,25,26,29,0,female,14,0,TaxiDriver
3fef9b6da8d84ecca5873f038a4f8b8d,0,50,19,72,female,22,0,TaxiDriver
139893eb56c543e2a81be82d24926847,63,50,69,31,female,14,0,RadioTalk
5b0a03351c544ea6b57e7650ad82fea0,96,89,95,87,male,48,35,TaxiDriver
bd129b5560e8460bad05371aa8a3ae15,100,99,96,96,male,51,30,AVAS
2100cad5c3e54bc38a1ee0a9f0eafd12,100,87,72,100,female,47,25,RadioTalk
24cb244596f6482ea07f3ef906992e9f,95,77,74,77,male,28,5,TaxiDriver
9c8284cc90ca4c90b9467e06a6aa7595,75,100,50,80,male,49,0,RadioTalk
48d1defe33734d9984ed41f5af9b628f,58,100,50,50,male,9,0,RadioTalk
84e035fa9436441cbdc1fe87f67d0018,5,51,10,5,female,47,29,AVAS
ea1d06876e0745d890d24e28e39aedad,0,100,33,41,male,10,0,AVAS
259200d857f94e48915fdb55167295d9,100,81,100,100,male,35,10,AVAS
1e8492ea2cc84af89e7d48d870c18b15,50,30,16,30,female,33,15,TaxiDriver
00c831eddb5745e59cffba23918376c8,100,50,100,100,male,10,0,AVAS
ed9dc72d9a274b76ad918005e8927420,50,24,50,99,male,10,0,AVAS
93b7fea0014e4d819298b8ecbe46bfe9,29,50,35,34,male,47,29,RadioTalk
21306d56c7e0491183df449d597840e9,75,50,72,100,female,47,30,RadioTalk
07b892e369e24546b79b4638e1c124fc,95,50,85,100,male,43,25,AVAS
910d4724fb054ced805c1c32a67d554c,75,100,100,100,male,12,0,TaxiDriver
529754a7f89347318c63e44ce8180899,56,50,50,50,female,4,0,TaxiDriver
973d8769b3444fbab4ddc3ac5b5b9fca,0,22,27,31,female,47,29,RadioTalk
8cd5f7d3eb0146089032e2e1ee125d49,82,69,60,86,female,12,0,AVAS
aea290204ffe4566a083120b0cb492dd,5,0,48,34,male,47,0,AVAS
59eb11899b3b4c41a443949d2d592ea1,20,50,50,33,male,51,0,RadioTalk
5d75252adb874622b54d317acec1c36d,40,1,19,100,female,10,0,AVAS
1513ce6df14349f5bebdf922348999a7,100,100,100,100,male,13,0,RadioTalk
c48a379f096146829a8951d32239778f,50,80,83,72,male,65,50,AVAS
cf198f906a2e48cdbce174e9376f7a3c,66,73,71,75,female,24,6,AVAS
37cd263b19bd4d13a3de4f25fe5b160f,100,100,100,100,female,11,0,TaxiDriver
4fbd010f2cb245b9ae5cf1041e135e69,92,98,100,98,female,51,32,RadioTalk
a241df11b8d844889298383f5aa378c4,100,92,84,100,female,11,0,TaxiDriver
461369eb2db64607b9ea546fa896991b,100,100,99,100,male,8,0,RadioTalk
037610158f684e99b49b231d7c4ce3ed,50,50,50,50,female,49,31,AVAS
dafbf64faa884f3e893a0e45e412d1bd,100,100,100,100,male,8,0,TaxiDriver
f45587210ef945deaab53cf7edd0264d,100,50,100,100,male,56,39,TaxiDriver
9898042a9d0645ba856c809589180e6f,81,94,100,62,male,39,21,RadioTalk
2ca1d6867209445ba6199368adbf4965,100,100,77,100,male,11,0,RadioTalk
91ebed10b0c44b269289f57e4291d52e,100,100,100,100,male,38,18,TaxiDriver
fba63480fd1d4f47a25750cef6f7ffa0,72,74,79,50,female,13,0,AVAS
e7f81acb42484542ae0aec004eeaedbb,58,65,79,87,female,23,6,AVAS
90a2bc9859bf4faea03f4fad5d68a606,23,32,35,35,female,65,45,AVAS
9be3381cffad444d9264ea24c6d22099,100,100,100,100,female,26,7,TaxiDriver
d427140e0ee045f0a16a2491597fc39a,100,100,100,100,male,31,5,AVAS
c369085b02c24beabe9fb10ddc53e3d9,100,100,100,100,male,13,0,AVAS
b3edbd1fe4c443559a9c6166a28b84d8,79,82,39,38,female,20,3,RadioTalk
c35c644fbef24bbba7cc3cf3ac32e534,100,100,0,100,na,14,0,TaxiDriver
a332d2764db0492b9a96445e4cd69b02,72,81,40,60,male,12,0,AVAS
a57cfbb17b4b4897baad758ff16b8432,50,50,68,31,female,18,1,TaxiDriver
60c62a8067c24181936e27dff2454c88,0,100,79,25,male,11,0,AVAS
3f1feb403a45477f96461b6193bc3b95,61,69,34,38,male,53,28,RadioTalk
9331d7fe617f46d28c169f22727311de,92,91,75,100,male,52,34,AVAS
895b454d5c36459e88eac52cc97d886e,44,31,34,54,female,13,0,AVAS
382d2dd426e34730ad96e972fc208bd3,100,100,100,100,male,12,0,RadioTalk
321b072d339e4271ab610bb978170d46,100,50,43,63,female,57,19,AVAS
fc2af9c67d0b40ef9949ecc5a5f41b04,50,3,50,50,female,40,0,TaxiDriver
559851086a72471aba4c779a64bbd8fd,86,86,100,100,female,12,0,RadioTalk
f2711b9029144974a8cf0d36ad6633fc,91,80,75,100,male,9,0,TaxiDriver
9dc2008f24ae40e88fb0329824ae0d2d,100,75,100,100,female,9,0,RadioTalk
e5617829bdb04ee69a202e24dafce160,100,100,100,50,male,10,0,RadioTalk
a038c07a84e64773803eeab8ad26d238,100,100,100,100,male,12,0,TaxiDriver
c62406fe12de4331a20f108df811cfd2,67,36,69,43,male,13,0,AVAS
457e2f1f478d478682231e123170b107,0,50,100,63,female,99,9,TaxiDriver
9e1ece88256a4b28a40485c16e60e216,48,45,41,50,female,12,0,RadioTalk
9c0d55d294c34a99b9ceeae1c65c6cd0,50,100,76,74,female,51,30,RadioTalk
952d1acc15ff403c819fe700390979a4,67,77,73,73,female,11,21,AVAS
aa2e70f5255a4aa896d5e578e75e07a0,50,88,50,100,male,14,0,TaxiDriver
79523e43201649b38e69a22d99c6d6f4,50,50,76,93,female,11,0,AVAS
349a26a3d39c41ff8427000f40ace663,43,50,60,77,male,8,8,AVAS
3275d3f156be4e3b8b3f885d8f2f5d37,83,84,67,100,female,11,0,TaxiDriver
4bf0cb616845475a9b99a7e56c4df3b9,74,31,75,100,female,8,0,RadioTalk
ec9c0f1c742543f18909df8c3c678071,100,100,100,100,female,40,20,RadioTalk
dc9b805a931b4badbbc022c3dda45a4f,85,100,91,100,male,13,0,AVAS
c23f4629289e4c1bbe6b65d3c5d4b2f5,91,90,88,67,female,42,22,RadioTalk
3d7b2ce552e148b480a718e48b1b901e,93,83,81,84,male,13,0,RadioTalk
f2668893a8954695af18c83aae35171b,42,51,72,79,female,41,23,TaxiDriver
8f6dcfe401664bcb92e8cf86976facdd,36,50,34,38,female,28,11,RadioTalk
dfdec2ab5dbf4e4abbc5674bd96b4c94,100,100,100,100,male,8,0,RadioTalk
02b413d761694ddbb847dd6b5d9a5940,100,100,100,100,male,8,0,AVAS
8fc7c7b6747e44c2b8a3570c0b95a4f0,87,100,100,86,male,52,30,AVAS
d1c5fdd5a8cf42d293c311b6c8bd2c29,95,100,100,100,male,8,0,TaxiDriver
ba3f59f8d736474389a4b680eb6a64c2,66,75,100,100,male,13,0,AVAS
dbacc68c288e48299afb30adc4f5edb0,85,93,91,94,female,75,50,RadioTalk
fee546be8d1d42c8a1c83ef288ca42bf,50,50,50,84,male,15,0,TaxiDriver
f861f970b68740b9938d07581ed225f2,88,75,84,100,male,6,0,TaxiDriver
7319c9a6a61944bcb6751fcff8f0b217,98,95,92,91,male,7,0,AVAS
11993549fc77429cb7016374e31e156e,100,88,100,84,female,9,0,RadioTalk
0eb34308a3214ba8b572aac52770e44c,77,50,50,100,female,46,25,TaxiDriver
f0567f834606499f936c020d48ca6c04,0,50,69,32,female,13,0,TaxiDriver
5fe4cbe0d412466c9194b9851b825a21,82,80,100,100,male,11,0,RadioTalk
8bac2b6349bd4547a8dc2022ce444f77,100,97,78,79,male,13,0,RadioTalk
880e7f372c994bfeb7c2ef4f0a1a3d48,72,48,65,90,female,12,0,TaxiDriver
42672913f02640988b443595bfb64e60,38,51,69,66,female,10,0,RadioTalk
78486f3b6d8a43eea6c4e85b065b7bd1,82,85,76,90,male,20,2,TaxiDriver
e67841c3e1314787acef500b60c22ce8,46,50,38,22,female,25,0,AVAS
df7f92cb3f6a4997847f0d97b3a8943c,100,100,86,100,female,11,0,RadioTalk
e34298921bca4fe3997b88c670dfbdb4,80,41,83,76,male,25,5,AVAS
7838df1ed1324c07952d6c7c82d8e294,94,85,91,100,male,54,36,AVAS
1468d1cc0465420fb13b2e70db096847,100,75,92,100,female,13,0,AVAS
0cbaedfbe6bf447ca78d174a3ac0db65,100,87,79,89,female,13,0,RadioTalk
66b3ce72f1b64cb6ad88b8b1c48beeee,80,63,83,70,male,15,0,TaxiDriver
ab4355afa5284a66863f84250c26caf4,78,94,100,71,female,20,2,AVAS
74ee3e5d2418468fb44dfca361658712,86,87,89,80,female,14,0,RadioTalk
4edf476622fb48f58cc3969b57d84aca,88,88,100,100,female,9,0,AVAS
956321abd3e348c1a8041bc5a88c5697,50,50,50,50,female,1,0,TaxiDriver
ce10b0d735c24b8c92db5b8608ff470f,100,78,85,88,female,11,0,AVAS
ad1cb5cf759d4b6b8b0549c11098b30d,15,80,81,50,female,49,35,TaxiDriver
74ce97bf2ff344e088fef703b7164a63,74,81,72,40,male,45,25,RadioTalk
e488eb272333439a8416713ae622131b,20,50,67,36,male,10,0,AVAS
5ddb69702e914ea69d8770a76b9641c3,50,50,50,85,male,6,0,AVAS
d168001364174913b38e6e00d14ffe34,100,82,100,66,female,12,0,TaxiDriver
441398a3b7c940759293c523d6559326,73,77,67,80,male,34,15,TaxiDriver
5cf3b1b74a3d45a698bfde5c39b1667b,50,50,87,92,female,53,30,RadioTalk
15a3902d800b4afb9fe92b33d0d4202f,78,66,64,74,female,31,12,TaxiDriver
e650c90a6c0f47039b977fa9b8dbd745,13,58,26,28,female,20,1,AVAS
795a014ad9974450be2ced9bb5f939d3,80,78,50,40,male,24,6,RadioTalk
1530dc055595416b92ff9d4fa6bb1af3,98,94,100,100,male,7,0,AVAS
f42e3a75b0da4c6b9b1ce00baf158b70,71,71,50,90,female,11,0,AVAS
cf8396efe73c44caa444a1afc0b046e2,90,88,92,90,male,7,0,AVAS
f796941b7e314782adaaff1e676ab747,83,82,100,100,male,10,0,TaxiDriver
3952fb9b28284dd582f39de618181835,100,100,100,100,male,13,0,RadioTalk
931ce6cbe6c642b0922d4eec7eca13e2,100,80,100,100,female,10,0,AVAS
7325f499b91a407dbf5a67e073d3e251,82,96,87,91,male,13,0,TaxiDriver
e7aa334bee7c465d9b26b4598f99cd7b,37,41,28,37,male,31,11,RadioTalk
1ce0f31c116749c9a67446813c0e3a81,100,67,100,99,male,7,0,TaxiDriver
775978d21297414680807c492b78b491,58,56,58,60,male,28,0,AVAS
e27db019a1874ecb8d8238e88c25f597,100,92,100,100,female,11,0,RadioTalk
f99d253d8b43476ea68d4c58851610a3,20,30,50,30,female,41,20,TaxiDriver
8a8caa631a1f40caa258dca32ae0c7a9,90,93,93,94,male,7,0,RadioTalk
22ab0b82271e4a5fa46c6c4f0c6de0bf,20,100,100,100,female,8,0,AVAS
fde323d5ff8b471e89803df36d9652f4,29,32,32,41,female,11,0,RadioTalk
ad0c2db3457647a19cfc08074f154d0a,100,50,50,50,male,6,0,RadioTalk
4d021ceb339d48f882486f08b7081d7a,50,17,50,50,male,8,0,RadioTalk
a826f2af51a34a3598dbd208b8bb2f9d,50,50,50,50,female,40,20,AVAS
081eb2dee09a4963b5402c246a7643b8,20,75,100,10,male,14,0,AVAS
1f08bd5bf0d1426281ae8992ea238d01,77,81,100,89,male,8,0,RadioTalk
be0662820c524201ba3a37e66fc2356d,72,59,38,100,female,8,0,AVAS
408e2462c72e4173bc9a6073de7300f6,50,100,100,100,male,8,0,TaxiDriver
a718368a84474f95ba46408e533bb382,85,76,31,84,male,6,0,RadioTalk
8e7fcb78c4d8423b8cb98e2ca37a2ba6,77,100,83,87,female,37,17,RadioTalk
96cca404a77e4b20b88ddb7ff67d12d6,38,31,33,50,male,49,30,AVAS
0b89e59e30f540648963360570123804,50,50,50,50,male,6,0,RadioTalk
fe92dd8799cd4fbfafe05acd32c9d715,63,72,85,89,male,11,1,RadioTalk
9c0cd01601fa49648d094e9a2392a5f6,62,77,46,99,male,13,13,RadioTalk
ec56b45f9939498fa0f3cb53a856b1d4,70,65,87,90,male,11,0,RadioTalk
c34005e8000645ca929392852017eed8,100,100,100,39,male,12,0,AVAS
f4c9ed59a93e49ed99f594ed2f206b4a,91,92,90,100,male,50,30,AVAS
6cdb92fe3b6440548ee647bc111a7470,55,95,100,91,female,14,0,AVAS
49183308abaf4db79357b38b66092e94,50,50,50,50,male,9,0,AVAS
7b9aa60a15b24e5aa2c2fd925d7b27b6,92,85,65,89,female,7,0,TaxiDriver
9f1a506a297f4623849a7a937e2b539d,50,50,50,50,female,5,0,TaxiDriver
40281504332f4255bca057dbf4f0278c,100,100,100,100,male,12,0,AVAS
6010735f817341ff8850095d2d900564,100,50,72,100,male,5,0,AVAS
9181558ffe2c4985b8498db69335d176,50,100,50,100,female,35,29,TaxiDriver
5beae63980f149719cf1b00abbe2c35a,100,89,64,100,male,10,0,RadioTalk
0944975481f04e2098aa482531d8ad04,50,50,92,74,female,49,30,RadioTalk
b2e3b832c60c442c874221ccd05bc24c,100,91,100,100,female,11,0,TaxiDriver
485098fa76664f02afff022f89d7bc85,77,100,100,100,male,52,34,TaxiDriver
519545a338b94189a3449e6cfa2c33a9,75,88,50,68,male,30,12,TaxiDriver
a1c60fd402e34b0dacadb27922c80c4b,0,0,0,0,na,15,0,RadioTalk
80db9fba345048edbdc103ebc3b912a5,68,95,76,41,male,14,0,AVAS
70422d1c0ebb4476b924a24554359fe4,30,77,100,40,intesex,15,0,AVAS
1706f2c10dab44ae8e2f46dd35e2e3dc,0,0,28,39,na,13,0,RadioTalk
cf9f7594f5f143cc96debfcc600ddc0f,0,10,27,40,female,22,4,AVAS
ef3093157d2c48d8b8f10ed7df6922a3,50,86,89,35,intesex,18,9,TaxiDriver
9f99a136b2584fb38ac9aec46e77c91f,50,50,33,39,male,28,10,AVAS
65d83f7f3d7f449c8e6f922a7dd8a618,65,70,62,71,male,11,0,AVAS
95e5b1706e5a41f5b6e02cb2568ab9ec,29,66,76,82,male,11,0,AVAS
8e34bb3dc7a44ec88ba5ab5ec232b9af,18,0,51,26,female,37,15,AVAS
067fe078e5f4464ab85c658cc7921e0a,100,100,59,97,male,11,0,RadioTalk
1acfc1971895497caca18af312a185be,60,100,51,43,male,9,0,AVAS
2dd223cb72354eb5b1ea420ab79978a0,0,0,100,0,male,17,1,TaxiDriver
5e9bd2efba704ec8b90c53128e45592d,0,0,0,0,female,5,5,RadioTalk
544788c939a2492992ff412373d27e7c,4,0,100,100,male,23,6,AVAS
9e6a2720b1134fc0b612f13313131302,0,0,0,0,female,10,0,RadioTalk
46075fc270614ac48aac35def5b7dc63,100,100,50,50,male,13,0,AVAS
94d0a1e09648422ea0f6f5228bdad284,50,52,50,45,female,77,0,RadioTalk
c2bffb6da68a4b4cbaf9a0a60fccf958,50,79,50,50,female,19,2,RadioTalk
ec0b21c07ac0446a9fe365946cd3b35d,0,0,0,25,na,10,0,RadioTalk
6878d976302e47f088d0e586e67f0ad7,82,63,100,100,female,47,29,RadioTalk
c78f6e0cceb64bd9bb029f45c8c8d643,0,0,0,100,female,9,0,RadioTalk
618d266689e74f389defc9bf668f497f,100,100,100,100,intesex,15,5,AVAS
acc217d032564ee9a256a4f85ec30fed,73,31,99,100,female,53,34,RadioTalk
e2be487b3f044aa79e7ee381ad6e91a9,100,69,100,84,male,29,9,AVAS
b50c432a08284636b1935af7f97a4ca0,80,75,100,100,male,14,0,TaxiDriver
0d6cbad78f8e459585a5a9ad9d564e68,57,50,53,96,female,40,0,AVAS
364f29b1f4e149f2b62be8f6c116297e,50,81,100,85,female,47,23,RadioTalk
c1ffc8f69f064495890b0caf4ded1ed9,100,50,50,50,female,21,0,TaxiDriver
0aad5231211445faa67563557bf2d917,45,50,30,40,female,47,20,RadioTalk
3eaa01221fbd4a5381b1bc3b712c828e,50,50,50,50,female,6,0,RadioTalk
15370249b94c4c608af8e291bae3d858,61,80,50,100,na,8,0,TaxiDriver
b8c58e9c513f4bb79745dcaccd39046f,50,75,50,50,male,34,15,RadioTalk
2b018f3d86e0496993a8d2b442b076bc,37,42,41,58,female,18,2,AVAS
0465ef705d49403ebb7e89545c330274,72,57,100,100,male,8,0,TaxiDriver
35e49e9e8d6e449c85e8bf33a487866a,100,50,100,100,male,18,0,RadioTalk
efeb318a458340309f6a9ea4c64330d6,2,100,50,100,male,5,0,RadioTalk
6485245cc53a47eb823533209e019208,100,100,100,100,male,35,15,RadioTalk
50e5cc4ea2044428994c7d7edd110426,100,100,100,100,male,12,0,RadioTalk
e610f7ea45704aeb8548b4febc7fbd28,100,100,100,100,male,11,0,AVAS
90660bab56804ec4866af98a2b5c5b74,100,100,100,100,male,10,0,AVAS
98b95d75996b4c48ad93461fc3339a37,76,77,85,21,female,7,0,TaxiDriver
12d974ed40214d3a8a448452ecc4570c,76,81,100,100,male,10,0,RadioTalk
d035598b97d944d68ad9c9f5b91f99b3,23,50,27,71,female,46,25,RadioTalk
a498ddae4fa2488d86feb8f316987947,87,77,80,86,male,44,15,AVAS
028ef1a60fef4cf092e31cf9b46c1c8f,100,100,100,100,male,10,0,AVAS
bcba45d387804f0eba4f6536f2613baa,50,50,50,50,female,10,2,RadioTalk
98472d255dcf4fc386f3234c20e51d8b,100,0,0,71,na,7,0,RadioTalk
7f06e9b46cf14929817d75d835c42c6d,50,50,50,100,male,13,0,TaxiDriver
5bd7306d975548408b6935aae13ae893,96,50,100,50,female,13,0,TaxiDriver
1f045db4ae244d3c9a79426857df5b9f,100,100,100,100,male,4,0,AVAS
1e18391f6d9341e282d4d9439947c9ad,100,100,100,100,male,4,2,TaxiDriver
421890facf5f46ceb5a4f8bffe780c63,50,50,51,51,female,40,22,AVAS
ff5a1e02d3974f4888eada70c5c1d32f,50,50,100,50,female,55,2,AVAS
55025471f2e448b0a91e7cd2b515d259,50,50,50,50,female,2,3,RadioTalk
abe505c5ec4a4ddb8442b50f47c8d6e2,50,50,50,50,female,9,0,AVAS
4ea5967f3a044913a979a4e42683be0f,50,50,50,53,intesex,5,2,RadioTalk
28396997c9a040d68a01f667a0369bce,50,50,50,50,female,2,2,AVAS
4f4f520961a3431e9d2f535a6b72a7c9,50,50,50,50,female,58,33,RadioTalk
1e23c8d694a54055b5107d3930fe1c0e,10,17,19,13,female,33,18,RadioTalk
17d8299dd6474e5b9775926438ee9b19,71,100,91,100,na,27,0,RadioTalk
c6346e33396d49d3a0091b8767fdfb6f,64,65,22,40,na,25,5,TaxiDriver
d52aab737f5148618f5ecc82d1bcd759,15,48,100,100,male,19,3,TaxiDriver
bdceb4640eaf4d2ba0d44921ae2f64b3,51,34,50,79,female,69,50,TaxiDriver
bdeeea15e5e348fab11fa7bdf71346fe,50,50,71,96,male,73,55,TaxiDriver
8014961a4d9444d3b8484ad57c484c4f,63,58,38,40,male,54,35,AVAS
471a653b632f412bad50abc2fc5b32c8,82,50,75,80,male,47,30,AVAS
3833689cbc28450b8538d61e1071a111,50,85,73,100,male,59,41,RadioTalk
28080c0488b04f588eb0685e874ee430,34,34,49,65,female,16,0,AVAS
658b95f38ea345ee9620d04f6c57cdcd,50,50,50,75,female,35,0,AVAS
e9e85c8cacf84faabd9e89e0482b1a5d,50,50,50,50,intesex,35,6,TaxiDriver
d901804d2c3648ddacfeeeb3c2c430d1,64,52,50,68,male,57,40,RadioTalk
3ae18e1705fc484f8753cee419c739cb,50,50,50,50,male,80,63,TaxiDriver
d247e3b7f15045bea547951139d7a789,11,31,60,50,male,35,18,RadioTalk
98f9f60e6b124a328c73fdd69e34fce5,0,50,76,33,male,33,6,AVAS
3de08b9947024e85954139bdc05f3618,100,100,100,75,female,28,11,RadioTalk
25f8c5aaa5d842659720b91026f16f73,100,100,92,94,male,28,11,TaxiDriver
13739e0c68054e4dbee75302e4ddfb6a,89,77,64,91,female,66,42,AVAS
ed6e9e08f95c4b7db52bb249500bc8cc,87,50,73,100,male,7,0,TaxiDriver
36c6d94fe3774bb99bef7cba73cdbf0e,67,60,50,100,male,7,0,RadioTalk
daf051154ff3495e85fae87613e67e0b,50,50,80,70,female,39,22,AVAS
0b4546ffa7084c5ab97b1813f839b83e,25,40,35,51,female,43,24,AVAS
93ad4f6287aa42a38076acba037f5f59,100,100,100,100,male,24,4,TaxiDriver
7a90c221c7114fbba4186043498c1758,88,75,82,72,male,29,11,RadioTalk
29888cb57a0a4aa0a67c38add39ae351,50,100,31,20,female,20,2,AVAS
a0b5d750096548ebad48f32661e96e09,100,100,100,100,male,42,24,AVAS
0d2071a735e545da96a32a47e10e2540,97,100,100,100,female,24,7,TaxiDriver
2370a3046ab648599df694afbc6a63bb,100,75,100,100,male,45,5,RadioTalk
1a467b9d3d734213a27faedfe4bebfdd,98,50,50,50,male,37,20,AVAS
959314b5a8d943508cc33e18f4e959a5,82,58,100,71,female,34,4,RadioTalk
02d9904659c348dea5f398e2b3a2fdbe,50,50,0,24,intesex,2,1,AVAS
b9609c2cce3f4cb48e2079fa2a49d894,100,100,0,0,intesex,80,0,AVAS
ea297339251a4c649463b71f19aa69fa,50,100,100,100,female,8,8,AVAS
5273562f084d49dc91fa83ce912f1cee,100,100,100,100,male,18,1,RadioTalk
6214695d517b4ac1a7d4389217af0ff4,8,50,12,71,female,36,18,TaxiDriver
6c7e8dd9799d4e3f8dba1a534606cefd,21,33,11,45,female,49,30,AVAS
d0f21dd3e32642b09d3a8a95606aca56,16,24,16,50,female,55,2,RadioTalk
3ad5f1ad3b914711b573cd40417d5935,50,0,86,77,male,36,17,TaxiDriver
666d8d5436b14696a78c6ee8cd6e590d,100,100,100,81,male,38,17,AVAS
5f0cda8223f74319834d06be73221c11,50,17,20,61,male,54,36,AVAS
e85bcd968ef24701b7ae6fbcf9a310b0,99,99,100,100,male,37,20,TaxiDriver
888e823aee4248d79412f058b062ee6a,100,98,50,96,male,50,32,AVAS
3f9740345ef94afea1e1f9f9f04e839c,100,100,100,100,male,32,14,AVAS
d1c14c8fa7b44d1c9647635a5f7a8b8a,100,100,100,100,male,56,40,TaxiDriver
8ce2ded9f25e452199d757194af5f672,75,100,42,66,male,18,1,RadioTalk
dd90f0b28cdd49e8a7037b77df2f4862,25,100,81,60,male,15,0,TaxiDriver
305aef4355de4c71b4a1a0ff2d7f6d49,15,6,10,4,female,53,33,TaxiDriver
455c8587c7484cd6ae32eb6a7a3e6228,91,100,100,100,male,48,30,TaxiDriver
19a0e2ad2c454f699c780613d233d19b,65,72,35,50,male,44,25,AVAS
06f5620732564a2aad8fcf2d01d8f235,0,0,57,0,female,10,0,TaxiDriver
1b58458fd4b144f5b044acbc4e770dc7,27,25,56,62,female,36,17,AVAS
fa891b94c0a34444bfc37ee9a3648899,75,100,87,100,female,69,50,TaxiDriver
f2b2024cbf0845bfae9a1e6fcb93ea3b,100,100,100,100,male,25,5,AVAS
78dd042c513c49dbbedecceeb6c25203,79,50,50,78,female,38,0,RadioTalk
a74fb175c4d4480abadf50f34f439f5b,100,72,68,23,male,34,14,TaxiDriver
ba32de676f9b4722b4679e78e8526913,73,77,62,100,male,37,19,RadioTalk
53b2477e533e4240b41ebcb1843217ef,80,100,100,80,male,16,0,TaxiDriver
776e489f33644e2e9fa8e27ca0ac8654,71,100,100,91,intesex,18,15,TaxiDriver
f0ed5b3b466149428557112c4d664c5f,100,100,100,100,female,15,0,AVAS
c82234cbddfa46658a5b3f7945b6381a,0,3,99,49,female,42,24,AVAS
9a90ec73c8124bdda12c058bd8e33c8e,51,100,70,50,male,15,0,AVAS
8ea094e685254891bd3dd464c592fb77,75,79,100,75,female,15,15,RadioTalk
0d2bc89774524903a2448519e08edeb6,100,100,93,98,male,16,0,AVAS
d4579ab7bb92407ea15b57fcdf3888ed,0,0,0,0,male,45,27,RadioTalk
1071b75c95d74896af8f7b7ef66c900b,89,8,100,100,male,40,22,TaxiDriver
5e35fbd5d0ed40489b4493e8f4c061c3,100,100,100,100,male,50,40,AVAS
9b1454779e764655a0ed590c175e7bef,85,86,80,90,male,62,40,RadioTalk
e4321437ef09452988310ba78e101fc5,50,50,50,50,male,68,50,AVAS
98c8de39817c426ba80af7120a9a57e1,50,51,49,50,male,68,55,RadioTalk
adf839a1437a4d73b25557ca31a22f1a,100,100,100,100,male,59,41,RadioTalk
475eafbe311a42b18a0a9b897af7d355,50,0,0,54,female,55,37,AVAS
8cedded7b067497ebcc38c5be674bb74,23,30,94,57,male,58,39,AVAS
b46a1b2f4327405aaa9f9cd5a88e4252,71,77,73,88,male,59,40,TaxiDriver
1fcd5dc022b741dcac836ee5959d839e,90,100,79,73,male,28,10,RadioTalk
9a778fdb2b80485fb7785e5ab90ea7fd,70,15,71,25,male,56,38,TaxiDriver
539a4134fde84062bef48e23b9bdaf5b,90,90,100,50,male,69,41,AVAS
db4c4b21498049509d68d28cda2286ef,93,88,100,73,female,70,51,RadioTalk
b29e9a3ff4d8493e92282051608e7f4a,31,73,50,93,female,56,38,RadioTalk
d4edce9f0c5e458486a239723c93753d,65,59,46,38,female,62,40,RadioTalk
9c71f5003ca344f886ec5db3fcc7d881,81,100,17,76,male,59,40,AVAS
f14ffafb670140ceb534da645ac5e9bc,90,83,93,73,male,58,40,AVAS
85a698f756c2401ba3592f661ae09a92,100,100,100,87,male,60,42,RadioTalk
3ad808b66c7f4ccab8ff5f809f87c289,50,64,50,40,male,21,4,TaxiDriver
cacae204e83d46cf8f92c4560d300c4d,28,90,75,75,male,73,55,RadioTalk
d56e7bcf14cb462ead5078f15ca14084,81,86,87,91,female,38,20,AVAS
13b17a2c1456409f8b8fe4fc9563ac0a,24,50,27,31,female,40,21,AVAS
81b7752d6d104a0e8a59669c83eb0b57,50,75,50,33,male,15,0,TaxiDriver
c24ebb2123404c56b19689abdf4a48fd,77,14,73,86,male,42,20,AVAS
42d27da17f6b4a509a89e9e68d5d67de,18,74,35,68,male,42,25,TaxiDriver
a816d01bc549456bb541a89cc1615bf7,93,97,98,96,male,5,0,TaxiDriver
f0980d2a6ae848fe85951cbae2b24287,17,22,32,84,male,42,25,AVAS
5dc03a46e0fe48749ccbe64be73c5971,70,80,90,90,male,58,3,AVAS
d91c6926b30046948400f878c583aa9b,7,13,50,23,male,76,50,TaxiDriver
856228d310404aa2854beb02c17db311,62,73,79,82,female,58,35,AVAS
5ebc729ce03b48b592e8a1852650da87,79,84,89,95,male,49,30,TaxiDriver
117de0f1eaae474f902f06bd3b3c4944,37,60,65,62,male,45,25,AVAS
98bd1406caf340bfa1443d57e17ba974,10,31,12,50,female,46,20,AVAS
b8925ca79e8f4c2a95989b569363de26,84,73,86,65,male,40,20,AVAS
b50deef68ed54c3eb292a281f489481d,92,96,75,50,male,65,45,RadioTalk
c8ad042c15084431bbb7fd9120883518,32,50,73,78,male,70,52,TaxiDriver
3b55a5e41aeb40cdaf73b67994b77ecf,51,51,49,96,female,75,45,TaxiDriver
83dfb9e255874fcb94ae4905e8a52b99,0,0,0,100,female,71,53,RadioTalk
7639f442a13b460b810cf035e3c866f3,9,17,100,30,male,15,0,TaxiDriver
8448e136fe824995adf35055e3884411,0,0,6,29,female,68,0,AVAS
261ba84ac58e4450991c165dbb986888,0,31,70,71,female,75,55,TaxiDriver
24f7791115e9409d906c3f2780aba711,100,100,100,67,male,70,52,AVAS
6fdb25732d2f4131843a4fb3a8200e9d,85,77,85,87,male,65,40,TaxiDriver
ef6969a343eb4bbea344336e2b0a511e,77,95,78,34,female,34,16,AVAS
5bce6f6a923a4669a4690d30b4dcd2a1,57,59,58,34,female,46,30,RadioTalk
fca949e4bc494778a9485ddb576a5918,83,100,100,93,male,73,60,AVAS
debdd71233434609883b0292e53ae247,93,100,100,100,female,10,0,AVAS
9c28f04983b843a19c302f0586d53291,50,50,50,50,female,70,0,RadioTalk
2161160ba5e240a49a2f3417eab0bbff,98,100,100,50,male,80,30,RadioTalk
f52fa5f1fcd048948d2bdaabc8a4685c,67,73,82,88,female,20,3,RadioTalk
7b15db13a3d34353b32effc218cbaf38,100,90,50,89,female,64,40,RadioTalk
14c0c68cf682424eb748151cf362e57f,66,25,16,89,female,19,0,TaxiDriver
06c7a894fdc64098b2226b29ced1ee2c,99,50,50,100,male,11,0,RadioTalk
f1603b239e7147509d7887e398515076,100,100,98,71,male,16,0,AVAS
aab227aef15d457e936c41060fe769e8,80,88,70,100,male,8,0,AVAS
b4c3303b4f664ba68f1e4bbedd1fa5cf,98,100,80,100,male,8,0,AVAS
453b52ddd08d41cdb902bf35615b1ea1,0,0,0,0,na,0,0,RadioTalk
5f446791968547a49d80b57ebb74e8d9,50,50,50,50,na,1,3,RadioTalk
833c43c89d364149a23b5a56761cdc7f,100,100,96,98,female,55,8,RadioTalk
4f61e6726de24ff3a4f207fe4d7d1a02,100,95,100,100,male,29,11,AVAS
25339dc0a1b440ea9f856b74b0c679d2,84,92,80,100,female,26,8,RadioTalk
d01762f7245f4fee8c894c40c1fec261,15,50,13,6,female,36,18,TaxiDriver
de1b91bda5b146deab863831e030a0e5,50,77,50,26,male,70,51,TaxiDriver
b5ae99584bc34bc59daea4795510048f,19,2,19,48,male,68,50,TaxiDriver
acb7b2674b3449798b9ffed2653f32a7,0,100,100,100,male,59,38,RadioTalk
69504c4f231a40baa0ecfb1b6330ae33,40,40,42,64,male,73,60,TaxiDriver
f1cae4de81874940842b70793eb9e352,14,50,53,63,male,69,50,TaxiDriver
d138fcf68a3a4484b1433aa15a9a13e4,99,50,50,99,male,73,55,RadioTalk
10a2ae4f7e0344228584a036eb5699c9,100,100,100,86,male,64,45,AVAS
5ff74fe71e8c4fb49a34e68eca71a0bc,92,50,99,99,male,71,45,AVAS
fa0f640431df47879f58152a97bca1c4,56,44,64,58,female,48,30,RadioTalk
4880b36f4a584968ba97cafe95327681,50,100,50,100,male,16,0,TaxiDriver
9f4615e1073b47869267749c1bad89da,100,81,81,86,na,0,0,AVAS
19c206ff16f64560ab66b9903b712c27,50,100,100,0,intesex,15,25,TaxiDriver
dcd34a64a313495b89f1c44d201564b2,33,49,66,31,female,15,0,RadioTalk
55863ecffa21427992c2d94827ea3979,50,50,50,50,female,55,0,RadioTalk
cc88e1dcf01c441487e691e8efc0c1e4,100,100,100,100,intesex,1,0,TaxiDriver
d95a4d6c3bfd48ba8c3982ff1546bc87,74,25,71,36,male,62,50,AVAS
0916153d81444451b29883434917f35e,100,88,82,86,male,64,45,RadioTalk
ffab117097734cf7a06852f0beab0cc2,100,100,74,10,male,52,45,TaxiDriver
3699017c3a5c41fbb379c12a68f1cbeb,50,50,50,50,male,29,11,AVAS
a69fdc72a3c24096bd8e8428129e1b11,64,57,100,70,male,19,3,TaxiDriver
6397287cb2bd4dd4980136ffe8f41378,60,70,89,70,male,20,2,AVAS
e2c1692e13694f4fba27daefa7c1af4a,80,100,92,100,female,21,4,RadioTalk
8088350de62849eb8774756bdcd46733,36,62,50,38,na,23,2,RadioTalk
4073dd84b96543f89680a5c62ebcf77d,100,88,100,80,male,23,4,RadioTalk
76973cb1226d433c92cee2b401d5644a,4,0,4,50,intesex,53,33,TaxiDriver
af9e0fa97dea4ef1b19bac3582887c59,100,100,100,100,male,61,43,AVAS
f7c64506bd4d4d3ab283fedadc73f58f,100,100,88,79,male,18,0,AVAS
aeb9ca2fa0464d608b2dcb10c470a1c2,100,100,50,100,female,60,40,RadioTalk
4f2b646a504942af997c51d8d569609e,100,100,100,100,male,27,9,RadioTalk
4466c0343f914631b8550a9ed5324efe,95,75,50,88,intesex,17,2,TaxiDriver
f9a626e2d1654eda99a725a331b959d1,100,85,91,72,male,17,1,AVAS
cd8806b5d8c54c1d9778e5881865d6ec,100,100,100,100,male,26,9,RadioTalk
7f17960114e843c09befcfe6e7debbe7,14,23,0,26,male,48,30,TaxiDriver
bfbbfe2bb037453ba0188980b02a87e9,75,85,55,50,male,55,35,TaxiDriver
3110bad1535e4215b315aef67d6817bf,100,95,100,95,male,26,8,RadioTalk
71f9825452ea41d3a2e2f500bb43e322,81,88,61,100,female,62,45,TaxiDriver
d992960cf2654743a7cb346231dcff69,100,92,96,100,male,62,35,AVAS
b11d6d519f814a438e2a3f6c5b157655,80,70,90,92,female,57,35,TaxiDriver
d7f1ecf64a234865b8d713743f65fbf0,50,100,100,38,male,15,0,TaxiDriver
8180b800c6154b54bd768c1bba100679,42,72,50,63,male,15,2,TaxiDriver
a54fdf6e0cb94f259abfc5ea10281a0c,19,78,82,35,intesex,42,51,AVAS
06d4b96159764c66aa6202051afe2562,87,56,30,20,female,15,0,RadioTalk
5696e67185174651ad620bd8c9d3272c,50,50,50,100,male,15,0,TaxiDriver
af6eb9fe68cb4cb6884c5cf55c491215,50,50,50,70,male,44,18,AVAS
6e2b0392dfeb42e1adeeb789e8e51daa,50,15,11,78,female,44,0,TaxiDriver
e139472cea5842f0921361fa98fb2ee9,50,50,50,55,na,5,88,RadioTalk
12e628f689394824adc6aa668fcbce32,50,50,50,100,male,15,12,AVAS
ec04619064ee4fec9b6f72d9eefc228d,100,100,100,100,male,88,88,TaxiDriver
13efc9ef9be6451fa9b12501fd20e5ab,100,50,100,0,male,17,0,RadioTalk
f48a8201ce2a4d67bb881e18cd6f44ed,100,100,100,50,male,15,0,RadioTalk
7d2488bacaab4c899bc5e8ee76c804c0,100,100,50,50,intesex,15,1,RadioTalk
cc7ce0a24ca549c397dbc32bbba5d446,100,100,100,100,male,15,0,TaxiDriver
c467255891284063ad7d26029e4bc75d,100,89,100,100,male,9,0,TaxiDriver
6e2fe32871f84d3fb8e052642686e64d,48,23,26,52,female,43,25,AVAS
34bdafc7d7e54277b2bcec1c5cc524e1,100,100,100,57,male,15,0,TaxiDriver
b0eb51ff4d6e437e91fa3cf87a00cb01,100,100,100,100,male,16,2,AVAS
788b579bdbaa47338700cbe08c4d799a,0,0,100,0,intesex,88,88,AVAS
5d4c08bd2eed41f6b54a5babb1dc3d15,100,100,100,100,male,15,0,AVAS
33aad4a18d094d1c832f5bb669e5fa74,100,100,100,100,male,16,1,TaxiDriver
81509585c0124b9daae33f48a98d230c,79,100,72,76,na,16,0,TaxiDriver
38857802c830486c9791f1a45a0b3db4,100,100,100,100,na,17,61,TaxiDriver
355eb400008143dfb6e55ac113f81e87,50,60,38,44,male,34,16,TaxiDriver
7ad573424e4c44f9999bcb647d4b6c35,16,85,36,85,male,53,33,TaxiDriver
89e475f0a7ef44faa4fc314a263205d7,22,54,50,65,male,77,60,RadioTalk
6e133027aa7e420f8b04f15fe2baac5d,50,50,50,50,female,77,60,RadioTalk
285756bfaf84464f82f8861de99f7ac6,85,100,83,90,male,14,0,AVAS
b118b258892e41a8b7429fe64624a412,100,50,50,50,male,14,2,TaxiDriver
f335b2cb917a455b9ee22ee898e5dfe1,50,50,50,28,na,41,3,AVAS
e8a8f399f0194ea2a7f2c30c1e67e195,50,50,50,100,female,14,9,TaxiDriver
79265ddb27434f1e95d117ebd9410c45,50,59,50,50,female,15,0,RadioTalk
7a8cda61edfd42c8b14f452f949b0943,59,75,63,82,female,14,0,AVAS
00a4dbf7bd084243a5ffa0f52dadff1d,50,50,50,50,female,14,14,TaxiDriver
4d4dcf5877d64a798feb2cf76ee6bbc2,100,100,82,100,male,46,29,RadioTalk
f3032d80c3b34879a30bb647d1120acd,100,100,100,100,female,14,0,TaxiDriver
51b61afec1a14993a0b20fb9dd10bcab,71,75,75,75,female,14,0,TaxiDriver
d99f3770a9b34389a07f1edddd3f0fce,100,100,100,100,male,15,0,RadioTalk
ab292336d3cc4d4ba82d7749f5c67508,100,76,75,100,male,14,0,TaxiDriver
de5eebcbdd5b4b46bb5de10956740a72,50,50,50,50,intesex,14,80,AVAS
05a06dd1b9de4eff8c73b31574595015,84,89,50,80,male,15,0,RadioTalk
b8df720d1d5a4cdcbb037d542991f000,50,79,50,50,female,14,3,TaxiDriver
c5704b0b68be4f07b3f8a2788ac346fb,50,50,50,50,male,14,0,AVAS
ecfa5ed8ffe741a8b3214836d257ae4d,50,17,50,50,female,5,55,TaxiDriver
85d8182de6c1486d8855113f904ca1f2,50,91,88,50,male,14,63,TaxiDriver
000966a73bce402d8d92ece7eb13e1f7,50,50,50,68,female,15,0,AVAS
556ea327ae6c46a5b8b8265ed1b7858a,50,70,50,50,male,14,0,AVAS
998f996863c149b8ac6606f3177f721c,50,100,100,100,female,14,4,AVAS
38f85cf75dd44e669632e651606881cc,50,50,50,50,male,15,0,RadioTalk
44154f5f8be940b0916f576667f36ea1,50,50,50,50,female,15,2,AVAS
1ac3445eeb244a75ac6d50afe4d8678a,50,50,38,50,male,5,0,AVAS
4aa308db7d1e4d809db9f8966f005b66,100,100,100,100,female,14,0,RadioTalk
d9a1c646faa2486dbf62c4defbd76dfd,50,75,70,100,female,14,0,RadioTalk
7c668695bbbd4d6d9d4df6ea6284227c,50,50,50,82,female,42,25,AVAS
da7e399876544e2fb7a775fe57d8f6a8,100,100,50,100,female,15,0,AVAS
c7bf4f4fd4bb400b920032618222c7b5,70,82,50,75,female,14,0,TaxiDriver
c503bd81920d4e6ea04a7ebc92c2d07e,100,100,99,100,na,5,0,AVAS
ef038ae210f34ccd8d59900ef6321768,68,65,66,62,female,14,0,RadioTalk
7397c6fa42a34ea797b79e43c028c102,100,100,100,100,female,15,0,RadioTalk
2fb867ffc47a49459c661a83eabecc8c,100,100,100,70,intesex,15,56,TaxiDriver
2310830483bc48b4a982f63fadf818c3,100,100,100,100,male,14,0,RadioTalk
20ef197199f94b8797a4ea59616cecbf,42,64,86,73,male,18,1,TaxiDriver
9d0878ba021a4110b48f936d1ccfc8a6,30,65,80,51,male,17,0,AVAS
ca69ebe8a4a3408bbce276601b6f0f68,100,100,100,100,male,60,40,RadioTalk
db80cacb2bb148edaba1fd28fc9026b0,50,5,40,83,female,23,4,RadioTalk
5f3d553fa7bf4b1fac38caf554590d10,10,50,50,30,female,23,4,AVAS
fd36ecad2c074fda979c1650efcf1cfa,90,89,94,91,male,51,32,RadioTalk
1e5bbaffd52d48afbe091b7feb3a70ab,73,89,95,100,female,75,40,RadioTalk
2368d257a58446fc98f241213a9c0c8b,50,13,50,80,male,18,1,TaxiDriver
71c7525edf7a47bb9d2024fbe4b4b9a0,0,50,0,17,intesex,53,30,RadioTalk
48b71d0b61714723a3c6bf980a67e9b4,0,50,50,30,male,33,10,TaxiDriver
18916d8a014244a68f1075e12e36865d,50,50,50,78,male,80,62,RadioTalk
3fb4670b4bef408b964e0b0b38a20d54,90,70,50,40,male,35,17,AVAS
51efae4c6ba04b4f98a6d6ded20e45fb,100,100,100,100,male,60,42,AVAS
c645e9a3fbb04e2d88380417f22b8c03,87,100,78,84,female,27,10,AVAS
c197efe2550b4914a58b1e1c8c25f239,80,72,87,87,male,33,3,RadioTalk
4ba22d5c6b4841d6b9aa5ff127e4ca15,100,100,100,85,male,54,34,RadioTalk
c78358c6c3e04510b3d25c737e31cf3f,83,0,100,0,intesex,17,10,TaxiDriver
69daa6b1432e4be584ea66b2cf841dfe,66,74,80,65,male,17,1,RadioTalk
90dd294a18d445cba4d95b08594b79ac,100,100,79,75,male,16,1,AVAS
74625c63229c4d31942b5d73d1bb6bd1,39,75,78,100,male,17,17,TaxiDriver
bf91bd4fc7944162baa889ee571d47dc,7,25,16,10,female,17,0,AVAS
9548b21b9cd84959aa04890ff8bf0445,50,50,50,50,male,17,1,TaxiDriver
f400d3d6fed9447ea3ddb38edc6350dc,50,50,50,50,male,17,1,RadioTalk
b00d57249a8e4d6b956973b38fa7fc64,73,76,36,47,male,17,1,RadioTalk
6ef91f0225c649ad81fd016ec0890dea,50,50,41,11,female,66,46,RadioTalk
f89d300dd28044af9fadb1c5cea0a51b,11,9,37,33,male,62,44,AVAS
f9c71d98b5d842e182befab3f6cf538c,50,50,91,73,female,8,0,AVAS
d08ebcc1d30143ebb5a57b9215bdd681,98,100,96,75,female,51,25,AVAS
620b2ec504304a5baf24f7b951ce5d7b,100,100,100,86,male,52,35,TaxiDriver
0a1ffe44f3284008b74d53d345cfd6a8,75,83,71,75,female,57,39,RadioTalk
ed32759c3cf1423bab04a9879a0a5b18,75,75,75,75,female,57,39,RadioTalk
eadcb5eadeef46689d852bc2327c5706,73,52,50,81,male,66,48,TaxiDriver
9ac84825faeb48d484192ebd10759d74,25,50,6,51,female,59,41,TaxiDriver
ca40e5d5fce94763b84a352ce4739778,35,50,40,27,male,67,48,TaxiDriver
2065be8ac47247318e6cc0a52aa6380f,50,30,15,24,male,49,32,TaxiDriver
