id,uid,date,Intention to Use 1,Perceived Usefulness 4,Perceived Ease of Use 2,Trust,Sex,Age,Aviophobia,Driving Frequency,Playing Hours,VR Playing Frequency
7,efb7844a4df8430f9d1c2f72babe5e86,2019-07-02 11:58:23,60,80,30,91,weiblich,51,1,32,0,unter 10
8,7be560561f2141518bd4f6c2c3c9f487,2019-07-02 12:07:53,56,62,36,85,männlich,52,0,34,0,Ein mal
9,fa0885937e114e9a907a5a4feda5798b,2019-07-02 12:09:22,29,79,27,52,männlich,49,0,30,0,Noch nie
10,132256b042674a5f8ed249578fc624b4,2019-07-02 12:45:58,100,96,100,83,männlich,47,0,30,8,Ein mal
11,3b057c2796314ef6a61de34c28d63e03,2019-07-02 12:51:29,68,78,37,50,männlich,52,0,32,0,Ein mal
12,745947bca87348c2adc5880fa794ed74,2019-07-02 14:22:35,75,80,24,16,weiblich,28,0,5,12,Ein mal
13,c1f0c9a4c8ae434c87894ac4c28d5d68,2019-07-02 14:54:12,50,50,50,50,männlich,52,0,32,0,Noch nie
14,84d3f08e719a4a3a87c2c0c3f6da121a,2019-07-03 12:38:25,100,100,20,81,weiblich,58,1,40,0,unter 10
15,d58f5ed5444f44ca8aec9f3891f049d9,2019-07-03 12:39:28,94,99,80,71,männlich,22,0,0,1,unter 10
16,421b48c78fef4252906f3c244238b028,2019-07-03 12:45:01,100,77,85,68,weiblich,26,0,0,0,mehr als 10 mal
17,f575aabd9c0541b8a4b6e9f7421c7fe5,2019-07-03 12:45:58,23,94,88,100,weiblich,29,0,5,2,unter 10
18,0000,2019-07-03 12:57:59,100,100,100,100,keine Angabe,12,0,42,42,unter 10
19,250698f2ad2947919919e966d5f4b88d,2019-07-05 17:26:47,36,76,83,77,intersex,55,1,55,33,unter 10
20,fdec43a7ba404f4fa36e6718bae7964b,2019-07-05 18:48:36,15,73,25,32,männlich,9,1,11,5,unter 10
21,023d6157a5804dc5b2d636ad70f8c17f,2019-07-05 18:48:43,100,94,90,88,männlich,28,1,5,5,mehr als 10 mal
22,cfb0e0b76216436abe0e139a677fb618,2019-07-08 09:21:25,100,100,71,100,männlich,15,0,0,56,Ein mal
23,1806ac0b2b0f4caab33102b1265b88a0,2019-07-08 13:06:05,99,85,100,99,weiblich,15,0,0,17,Ein mal
24,c5b2079562ea42ff8ad5b70d50ae20a1,2019-07-08 13:07:20,75,71,50,50,weiblich,15,0,0,0,Noch nie
25,36e3c6c32d934783951454dc1940ae99,2019-07-08 13:10:04,81,66,92,97,weiblich,15,0,0,5,Ein mal
26,1c2d52d73c6e46f183f577279f2996c9,2019-07-08 13:10:47,50,50,50,50,weiblich,15,1,0,0,Noch nie
27,e8d6b8836f414ce495365fb438661f18,2019-07-08 13:13:32,100,98,99,100,weiblich,15,0,0,15,Ein mal
28,e4825281d48d4bbab4222768909f1ec2,2019-07-08 13:15:06,75,60,25,85,weiblich,15,1,0,0,Noch nie
29,566e124ab03446ffa8fe39fb78c7e901,2019-07-08 14:08:36,73,68,69,76,männlich,51,0,33,0,unter 10
30,164e332ec2924d0a914886ab1f1804bf,2019-07-09 10:54:58,31,61,63,39,männlich,16,0,0,35,Ein mal
31,512d02013fe647c8a0bb3e9290c0a36d,2019-07-09 10:55:35,5,0,15,25,männlich,16,0,0,0,Noch nie
32,a4e427f827eb42589c8f43450fc1bc8e,2019-07-09 10:58:34,83,92,86,63,intersex,16,0,0,2,unter 10
33,da02776c15d04e2393b1144d8796e734,2019-07-09 10:58:47,77,76,24,100,männlich,16,0,0,35,mehr als 10 mal
34,c6353aed95e844c0b2ccf4ef228e5e4d,2019-07-09 11:01:48,81,83,100,28,intersex,16,0,1,50,Ein mal
35,4e46172ac304489490d5bad9c45f3224,2019-07-09 11:02:32,100,0,100,100,intersex,16,0,50,19,mehr als 10 mal
36,7d9f04e23636460989c9de773943b086,2019-07-09 11:09:02,10,50,21,22,weiblich,30,0,10,0,Noch nie
37,abfcfa038a154fca96021ac8aa10bd90,2019-07-09 11:49:22,100,50,100,50,männlich,17,0,2,30,unter 10
38,c80e7c76d94c4410ab3ffb83a08e5596,2019-07-09 11:49:54,50,100,65,40,männlich,15,0,0,21,mehr als 10 mal
39,4f1e05eac1764d4e9a1c0c5a4ae3d770,2019-07-09 11:54:01,39,63,50,92,männlich,16,0,0,10,Ein mal
40,81cf51fb8dad4f16803e00a6e4173c48,2019-07-09 11:54:16,0,0,50,0,männlich,17,0,1,5,unter 10
41,961ffbc0bf0d41ba8c62daa57efa5103,2019-07-09 11:58:18,0,50,0,0,männlich,16,0,0,40,unter 10
42,b7c574f801674f3aa3818b83ff1aa492,2019-07-09 11:58:24,69,77,68,28,keine Angabe,16,1,65,0,Ein mal
43,6aea6a99d05548ee9aba02106bf986f9,2019-07-09 12:24:58,50,53,50,50,männlich,16,0,0,2,Noch nie
44,0cb688c217c04fc7b6d8f4402de450e2,2019-07-09 12:28:32,50,50,50,22,weiblich,16,0,0,0,Noch nie
45,bfd80ab50d0e48d98fb56818d4fe275c,2019-07-09 12:28:38,50,11,26,50,männlich,16,0,1,50,Ein mal
46,47d99945ed3846d28a422a92d4a00a6d,2019-07-09 12:33:29,78,76,79,100,weiblich,16,0,0,1,Ein mal
47,15c51fd43e8c439fa9c3ba7ab7c827a7,2019-07-09 12:34:19,50,50,50,50,weiblich,16,1,5,1,Ein mal
48,39b193553a81434b8b0579b41c0623f4,2019-07-09 12:37:24,89,87,100,100,weiblich,16,1,0,0,Noch nie
49,8f6f5d32d40e437c99affa909fcaf2a3,2019-07-09 12:38:15,28,0,50,23,weiblich,18,0,1,0,Ein mal
50,62401b850b8345f880a870eeb0f798ae,2019-07-09 12:41:06,11,100,58,85,intersex,17,0,99,89,mehr als 10 mal
51,d8a7c2bdc91946bdb57af3f367c72424,2019-07-09 12:41:32,100,100,100,89,weiblich,15,0,0,0,unter 10
52,06b0a1b2a063465181e6dc7a0cb3d809,2019-07-09 12:45:17,94,88,100,100,weiblich,17,0,1,0,Ein mal
53,d231688a01174a609eae555b88fad8d3,2019-07-09 12:45:37,0,0,20,20,männlich,16,0,0,40,Noch nie
54,a628dc6a75b24b55ac861c379dcedcec,2019-07-09 12:54:07,82,50,67,79,weiblich,49,0,30,0,Ein mal
55,89dbea0141634682aa7493f146ffc464,2019-07-09 18:07:30,20,31,19,20,weiblich,44,0,20,0,Noch nie
56,593815f101174f5caeb6efe2804b20b9,2019-07-09 18:09:37,87,84,79,50,weiblich,8,0,0,0,Noch nie
57,1890c7b8c5004f30bd551c8c83ff7392,2019-07-10 01:48:34,50,25,1,50,männlich,60,1,38,0,Noch nie
58,b2e4d0f90a74498e9f978fafb36e9960,2019-07-10 17:19:47,23,50,50,78,weiblich,23,1,6,0,unter 10
59,a3a133cbc9d4496eb0f1a366461f3bd5,2019-07-10 17:24:13,23,34,50,36,weiblich,54,0,30,0,unter 10
60,cf8bea70b941498a9a6859dff1b2d445,2019-07-10 19:07:51,100,84,100,50,männlich,58,1,40,0,unter 10
61,1ab45d75eb2b4504a98fc6d8173e5130,2019-07-10 19:33:18,100,86,70,100,männlich,25,0,0,9,unter 10
62,befffabc225a40bbb1927b1983ee47f2,2019-07-10 19:57:10,50,67,77,75,weiblich,32,0,14,0,Ein mal
63,5fd3ebf0b2574ff681ba6a6e5b486781,2019-07-12 14:20:35,100,83,50,100,männlich,10,0,0,10,unter 10
64,6ec65493eedb4419aaffaa03f6debf45,2019-07-12 14:25:42,75,51,100,100,männlich,10,0,0,10,unter 10
65,4d6a0a3ba3484984992a6c0fe7491fe4,2019-07-12 14:29:21,12,20,19,51,männlich,12,1,0,4,unter 10
66,8b8eae26647e4d789136401739549c0d,2019-07-12 14:45:39,78,50,83,83,weiblich,9,0,2,0,Noch nie
67,c8118d4f1eb74a17bac34d1466b4da6c,2019-07-23 14:14:03,0,19,100,100,männlich,14,0,0,7,unter 10
68,16d5962800f143be9ff1d1578b5960f6,2019-07-23 14:16:34,50,49,19,13,weiblich,46,0,26,0,Noch nie
69,c19d6062e3df4c6b90989d4164cd7124,2019-07-25 11:05:39,100,100,100,100,männlich,51,0,32,0,unter 10
70,0c377d46a9284783950f4228f921a4a2,2019-07-25 11:13:18,50,65,84,88,weiblich,9,0,0,1,Noch nie
71,2cbada8826e0465d94221bda6381478b,2019-07-25 11:21:58,21,81,37,21,weiblich,13,0,0,0,Noch nie
72,6c6cfa5b87a748f6a2dbf03b1c314bb7,2019-07-25 11:42:52,100,51,98,100,weiblich,9,0,0,0,Ein mal
73,8f5085646e1a4acd8906e8d5320ed9d5,2019-07-25 13:24:38,100,100,90,100,männlich,32,0,22,0,Ein mal
74,eaec15425bfd48f4a7963babd808e4c7,2019-07-25 13:28:46,50,85,85,100,weiblich,31,0,13,0,Noch nie
75,72ca3d2fb22a4a1b97961be5a1a1d789,2019-07-27 14:39:55,75,77,76,84,männlich,43,1,15,1,unter 10
76,b2d8fd554293405b9704b54a05507c49,2019-07-29 12:54:38,100,100,100,100,männlich,49,1,30,0,Ein mal
77,a78970821ddc49acaa266bf6c8595f40,2019-07-29 12:58:31,50,100,60,100,weiblich,49,1,31,0,Noch nie
78,561a562faa684eada747400c756cadfa,2019-07-30 09:45:43,100,100,35,100,männlich,52,0,30,2,Noch nie
79,286440ff9578413286eb2fd96709971a,2019-07-30 09:49:33,52,50,48,50,männlich,14,0,36,10,unter 10
80,ca74d461741047d0815f3159a27cdf43,2019-07-30 10:47:22,50,50,50,50,männlich,3,0,0,0,Noch nie
81,51a966b5cc1745e68687fc6d210092d1,2019-07-30 11:25:51,100,100,100,100,männlich,18,0,0,0,Ein mal
82,cb52895bb55c4b7f8f4fc654ab68ffb4,2019-07-30 11:34:04,100,50,90,62,männlich,50,0,32,0,Ein mal
83,3d410bdb46f24658b1d58e95e7468bd5,2019-07-30 14:10:01,50,50,50,50,männlich,17,0,2,0,unter 10
84,9085a35344f54334a88276b26758d07d,2019-07-30 14:12:28,50,50,50,50,männlich,26,0,3,9,mehr als 10 mal
85,f43c0fffc6d4431d8b2571126edd2f13,2019-07-30 15:02:20,100,100,100,100,männlich,12,0,0,12,unter 10
86,7e3bd44a3aef440d98f1124cbdcbdf71,2019-07-30 15:18:58,100,50,50,50,männlich,51,0,12,2,Ein mal
87,f764d085815f49e7ab8ae36e2e240b05,2019-07-31 13:10:53,50,0,0,50,keine Angabe,8,0,0,0,unter 10
88,b3ab2a97c5704d89891a7f1187472f22,2019-07-31 13:14:30,50,50,50,50,keine Angabe,37,1,3,3,mehr als 10 mal
89,3b21e13f1eee40dc815ef2ef2263cce0,2019-08-01 13:32:51,50,100,50,100,männlich,29,0,0,0,unter 10
90,07984db2c6f8419ca413f0b13948240c,2019-08-01 14:12:32,100,50,50,100,keine Angabe,29,0,0,0,unter 10
91,70f2eca657514bd59159ba510094608f,2019-08-01 14:12:42,66,73,65,84,männlich,38,1,8,0,unter 10
92,1e0961aa2645473c9e49f420bae2e06d,2019-08-01 16:10:09,50,50,52,81,männlich,58,0,40,0,Noch nie
93,01291315ef4943b68c960bf4d0eeab92,2019-08-01 16:20:33,18,21,27,0,weiblich,55,0,30,0,Noch nie
94,7d7dcdbbe5f84a6ead93310a4d42757a,2019-08-02 12:14:17,97,100,50,78,intersex,26,0,0,1,unter 10
95,2f6e35aac1744b79968efce9983adb8e,2019-08-02 12:14:36,74,74,85,100,männlich,26,1,2,1,mehr als 10 mal
96,24e90d4e0cc04aa1bc740dc9934b33a0,2019-08-02 12:22:41,100,100,100,86,männlich,26,0,7,1,mehr als 10 mal
97,7cc97e37257b4a6bb237b51f69509b36,2019-08-07 12:53:36,80,91,70,85,weiblich,40,0,22,0,Noch nie
98,7b85208639764516b982883dfb104609,2019-08-08 10:55:18,88,88,88,88,männlich,15,0,88,88,unter 10
99,9677d116ac4849658e63445ae9c610b4,2019-08-08 17:10:32,50,50,75,50,männlich,48,0,29,0,Ein mal
100,f548ea47dd764afeaa4748b29bf2b780,2019-08-08 17:11:14,50,81,50,70,weiblich,27,0,10,0,Ein mal
101,032f8e5b85d843c1bd982341ba4c67fe,2019-08-09 10:08:37,77,50,82,50,männlich,75,0,25,8,Noch nie
102,41eaf1ad50314f0bbe7b9b63e2e2ab17,2019-08-09 10:22:09,45,100,69,80,männlich,16,1,1,32,Noch nie
103,7b577a6bb7f94d88b80b1fb882771dfb,2019-08-09 10:55:14,100,100,100,85,männlich,62,0,44,0,Noch nie
104,6496eb2cf1bc487d94e718257fabceed,2019-08-09 13:23:09,50,66,50,78,männlich,52,0,30,0,Noch nie
105,901c15504f2c4c04a7ad28986ccef0d1,2019-08-09 15:03:09,0,10,80,64,intersex,38,0,20,0,unter 10
106,ea8e5ce9c13148ecbee461ccb602fd17,2019-08-09 15:03:10,5,0,6,6,weiblich,50,0,32,0,unter 10
107,1922cae87b4f4c7eaba3c4dc9372db60,2019-08-12 11:54:05,100,84,100,87,weiblich,27,0,7,0,Ein mal
108,056909de362f4ae9a377809cf15f2960,2019-08-12 11:54:06,100,90,100,100,männlich,27,0,7,0,unter 10
109,6482764330f1478db8fea058d3933813,2019-08-12 14:38:15,50,100,100,100,männlich,30,0,12,0,Noch nie
110,960e36520e8b41be823b95c9c12b50c0,2019-08-13 13:14:15,50,95,65,50,weiblich,59,0,41,0,Noch nie
111,dd8c37925b6e4a1bb8020521c007e50c,2019-08-13 15:45:13,50,50,50,50,keine Angabe,56,0,35,0,unter 10
112,12af8b84c754473eaabea60b54923edc,2019-08-16 16:24:19,50,50,67,38,weiblich,20,0,3,0,Noch nie
113,085269d6efb4470496bcef61016d0137,2019-08-16 18:25:25,60,100,85,33,männlich,25,0,6,40,mehr als 10 mal
114,7e44d02aeb114bb5a49b55bccafbcbf2,2019-08-17 09:31:04,50,43,36,100,weiblich,10,0,0,2,Ein mal
115,c3d0c280c9b34aafb87481eed8d09e77,2019-08-17 09:50:56,100,65,50,60,männlich,26,0,8,2,Ein mal
116,7f271168b87648b98cf41a8742b8e4cf,2019-08-17 10:16:09,80,88,100,86,weiblich,21,0,3,0,unter 10
117,38ef9245966343ce8b02f3e5bbc8fc89,2019-08-17 10:17:49,50,50,50,50,weiblich,13,0,0,0,Noch nie
118,13d8d8f0977d40a9abe3ac351fb6ba1f,2019-08-17 10:23:42,50,50,100,100,weiblich,10,1,0,8,unter 10
119,44a906faa97d4252b2370d184c3d13b1,2019-08-17 10:24:10,50,50,50,100,keine Angabe,9,0,0,0,Noch nie
120,67ad52245fa64d9592f59082e6de4981,2019-08-17 10:30:45,100,100,100,40,männlich,11,0,0,7,unter 10
121,84eeeb6ca8f0475fb2703259ea04c43a,2019-08-17 10:34:55,50,91,100,50,männlich,47,0,29,0,unter 10
122,f622ca46c3eb4b058e925416ed7c4b8c,2019-08-17 10:35:05,100,100,100,95,männlich,11,0,0,7,unter 10
123,33e47718b9424dc3b8c54158058b0f09,2019-08-17 10:38:43,100,100,100,100,männlich,64,1,48,2,Ein mal
124,92ff77cf95344aed941ecc8ee9ee1c8f,2019-08-17 10:44:28,60,60,71,50,keine Angabe,20,0,2,1,unter 10
125,0c128083b36e4e60b2966514e36da3ba,2019-08-17 10:46:45,30,50,18,21,männlich,51,1,35,0,Noch nie
126,edf49668f0ee4b16893cf50f242ee111,2019-08-17 10:48:33,65,73,50,36,männlich,40,0,20,5,unter 10
127,1810e33dd2974e72b67739f6b6fdb161,2019-08-17 10:51:27,95,80,95,66,männlich,50,0,38,1,mehr als 10 mal
128,0d44a612b145420b88a2e560c3e7d2ca,2019-08-17 10:52:19,5,84,31,19,männlich,13,0,0,18,unter 10
129,543f467dd0dc4f698454cbb6bd17a1d1,2019-08-17 10:57:36,20,14,100,100,weiblich,8,0,0,1,Noch nie
130,68a5cb7cd66b4202809f167b7e84a37a,2019-08-17 10:58:04,100,100,51,100,männlich,8,0,0,0,mehr als 10 mal
131,0eb801e150094e1b825e8ebba3e67463,2019-08-17 11:07:30,50,50,50,50,weiblich,10,0,0,1,unter 10
132,c2c89ff6d7894398a969f48ec5b3eb81,2019-08-17 11:09:46,60,60,40,100,weiblich,12,0,0,0,Noch nie
133,13cf60e3c0bb461bae73a47cb2bcaf2b,2019-08-17 11:10:44,100,100,99,83,männlich,53,0,30,0,unter 10
134,dfa98fb6c8f04578a17532779fe45b2d,2019-08-17 11:13:44,50,50,50,50,männlich,35,0,9,9,Ein mal
135,1d448fd5da494efdb800f503632b2f5e,2019-08-17 11:16:07,50,90,60,100,männlich,13,0,0,3,unter 10
136,0d9cfcad41084d498a376b0b15289108,2019-08-17 11:17:14,93,100,69,76,männlich,44,0,25,2,Ein mal
137,b044fd2b51314c4181b7414398026497,2019-08-17 11:22:17,68,47,81,35,weiblich,24,0,6,0,unter 10
138,0fd9aba6f5504226964be094d4d82a4f,2019-08-17 11:23:56,38,34,68,81,weiblich,26,0,7,0,mehr als 10 mal
139,cef4f564c1e34b8eaf1a75dca42011e5,2019-08-17 11:26:26,0,0,1,24,weiblich,48,0,30,0,Noch nie
140,ab95378fa50348debed39e4c1037d56e,2019-08-17 11:32:20,100,82,100,79,weiblich,48,0,30,4,mehr als 10 mal
141,5d07bc3849ff4905a4253b021c6298a2,2019-08-17 11:32:25,75,83,71,86,weiblich,41,0,10,3,Noch nie
142,c674b72d2a8347fe9c44aaf4bcd00bf4,2019-08-17 11:37:10,100,85,100,100,keine Angabe,14,0,14,6,unter 10
143,8a270c585c5a4d428f3e485ef33201ac,2019-08-17 11:41:59,50,100,50,100,weiblich,8,0,0,5,Ein mal
144,d906a7afa3c34db0ba693844016d9382,2019-08-17 11:47:13,100,99,89,74,weiblich,13,0,0,3,Ein mal
145,30bb3ad094b740a19904e8b309a33908,2019-08-17 11:47:32,71,85,69,100,männlich,9,0,0,1,unter 10
146,025c7eeb75b640749ade3acd052df5a2,2019-08-17 11:51:28,100,97,92,82,männlich,43,0,25,0,mehr als 10 mal
147,0247a28d6ddb4208bdcca6c0adf25578,2019-08-17 11:51:42,42,66,66,91,weiblich,42,0,24,0,Ein mal
148,e65de41140fa45c09a260db16a3efd8d,2019-08-17 11:55:55,62,78,70,39,männlich,58,0,30,0,Noch nie
149,2e94b6d6e1b94f15a1191172a5b22036,2019-08-17 11:57:52,72,25,90,80,männlich,19,0,1,10,unter 10
150,ecaced8b38cf429389c55dbe67f2a3f2,2019-08-17 12:03:04,100,100,100,95,männlich,40,1,18,0,Noch nie
151,3922e56865bc4cf0a0f8aa2ced40d86a,2019-08-17 12:08:10,50,50,100,100,männlich,25,1,2,0,Ein mal
152,c621881bb3fc451c960342a5ea645482,2019-08-17 12:09:54,0,69,50,80,weiblich,24,0,22,0,Ein mal
153,4cc5b946ede74c0a96350f8d86886f9c,2019-08-17 12:11:49,26,41,32,31,männlich,30,0,12,10,unter 10
154,824ae35c9db2426a9a916dccca4f88d3,2019-08-17 12:15:52,75,75,50,80,weiblich,17,0,0,15,Noch nie
155,e6001140870e4b70aec5181d2ae74b4e,2019-08-17 12:15:53,80,49,45,94,männlich,51,0,32,1,Noch nie
156,b26cb4e27934477da819826cf63816a0,2019-08-17 12:19:42,27,48,23,50,männlich,47,0,30,10,Noch nie
157,fac4fd2ea08c426d8a87eea5b1073882,2019-08-17 12:21:09,75,61,45,60,weiblich,53,0,35,1,Noch nie
158,493bbc66f2f74ece8687c7c714dc3781,2019-08-17 12:23:00,58,90,50,75,männlich,15,0,0,10,Noch nie
159,4d1510ffb7df49d8bd4b57b6d7999299,2019-08-17 12:25:25,100,83,75,48,männlich,18,1,2,2,Ein mal
160,4652b4a182c94a8c859a6bc7865f60bb,2019-08-17 12:27:33,94,83,81,76,weiblich,10,0,0,0,Ein mal
161,254c22fbfdaa4367be3f416de1270b96,2019-08-17 12:29:34,86,56,67,76,männlich,10,0,0,3,Noch nie
162,1a6a7737c01b4263bec47ee8ce055077,2019-08-17 12:32:23,72,99,50,79,weiblich,8,0,0,1,Noch nie
163,a1ba0d6d2bb4406db691fa1b4504bb4e,2019-08-17 12:33:21,74,75,74,74,männlich,31,0,13,0,unter 10
164,e14bc5888df24f459bc3fc5e056a5e35,2019-08-17 12:35:51,50,50,50,57,keine Angabe,1,0,11,1,Noch nie
165,58d468a42e6640c9ab69e29b9313954d,2019-08-17 12:37:23,100,67,50,100,weiblich,12,0,0,11,Noch nie
166,34ad336010874e339ed6cc700eca4fb1,2019-08-17 12:37:44,50,50,50,50,weiblich,11,0,0,1,Noch nie
167,56ccaa155d684af39e8b7c46051afc9e,2019-08-17 12:40:39,84,74,83,84,männlich,14,0,0,20,mehr als 10 mal
168,be69dad810ac468e9ca840fb9bbc22c8,2019-08-17 12:41:19,57,50,50,50,weiblich,14,0,0,0,Noch nie
169,3a4b2f6e798f4baab333afd53a91e439,2019-08-17 12:43:04,0,0,0,0,männlich,16,0,0,22,unter 10
170,e96da62a52b44cd08c21ffc3cde9e9a5,2019-08-17 12:44:27,50,50,50,50,weiblich,12,0,0,0,Noch nie
171,b306f3969ac44507a6db914c65c5773d,2019-08-17 12:47:25,64,75,66,61,männlich,53,0,0,0,Noch nie
172,51d7649c16c84485935293c2c99e6974,2019-08-17 12:47:25,100,100,100,100,weiblich,12,0,0,0,Noch nie
173,4182c960017e46eaa27dbafb155c9df0,2019-08-17 12:51:14,100,100,100,100,männlich,35,0,15,5,Noch nie
174,ef142d6778e345719fbc1f576fdd06d0,2019-08-17 12:51:29,100,100,93,98,männlich,9,0,0,0,Noch nie
175,3811920ce2e1405fb13e1765cb9f3dc8,2019-08-17 12:54:53,26,17,90,50,männlich,56,0,40,0,Noch nie
176,a6628cc516234c47b7e42dbd1a62f382,2019-08-17 12:55:59,67,89,89,91,weiblich,54,0,35,0,Noch nie
177,5593272e450d4d6e85122d394b224400,2019-08-17 13:00:28,100,80,69,100,weiblich,11,0,0,2,unter 10
178,d61ea2f252564b2ebec0d3782ebdd994,2019-08-17 13:01:17,62,36,66,67,männlich,57,0,35,0,Noch nie
179,fc252bbb278b4130859c16481c0e272e,2019-08-17 13:05:07,78,90,65,100,weiblich,10,0,0,1,Ein mal
180,8b13380451eb4caab5135282908eb53c,2019-08-17 13:08:46,100,100,100,100,weiblich,9,1,0,0,Ein mal
181,cd25a808f43d4957a7b14d9c609a884e,2019-08-17 13:12:22,50,50,50,50,männlich,30,0,7,0,unter 10
182,4d6950ce97234f37909958660c9afe1c,2019-08-17 13:12:34,100,100,100,100,weiblich,9,1,0,0,Ein mal
183,dbcfaef83d1f4a4689e425661104024c,2019-08-17 13:17:26,23,16,50,100,männlich,58,0,38,0,Noch nie
184,609db4532b4c4449bad1b4060741c8fd,2019-08-17 13:22:41,74,81,65,94,weiblich,46,0,28,10,unter 10
185,aab4931876034b02a6af337e897bd7d2,2019-08-17 13:26:23,100,100,100,38,männlich,12,0,0,1,Noch nie
186,4703648ff9154f00bd87918f87785b17,2019-08-17 13:26:28,100,99,100,88,männlich,14,0,0,7,unter 10
187,465d1f11fb0d47e895f94e0aa78bc0a9,2019-08-17 13:29:37,33,100,100,100,männlich,13,1,0,1,Noch nie
188,6aca18e83d1f4007b03cceb626193be9,2019-08-17 13:29:58,100,100,100,96,männlich,13,0,0,1,Ein mal
189,b235d32d1dce4dc98d117381678281c5,2019-08-17 13:34:02,100,50,100,100,männlich,10,0,0,2,Noch nie
190,98b268982701458b8d30d563cc2494bc,2019-08-17 13:34:27,50,54,50,100,weiblich,6,0,0,0,Noch nie
191,1518aa56dfff41b3837cd0a1d02063c0,2019-08-17 13:37:31,54,60,45,100,weiblich,12,0,0,0,Noch nie
192,b4d8d47ef8184f049a555096725bd42f,2019-08-17 13:37:48,100,77,100,100,männlich,46,0,26,10,mehr als 10 mal
193,8b0adae7c255421aae75422ced6337d6,2019-08-17 13:41:29,47,100,100,53,keine Angabe,11,0,0,1,Ein mal
194,45aca7768c0048998e72091d8a13cbe6,2019-08-17 13:41:38,100,100,87,100,männlich,47,0,12,0,Noch nie
195,9fc1a0bdbc4c4ffbb825c55c0e44cc3b,2019-08-17 13:45:33,100,100,100,100,männlich,39,0,22,0,Noch nie
196,e28b6f56f9944189a9a6a0046a07d2d9,2019-08-17 13:47:01,28,18,12,93,männlich,7,0,0,0,Noch nie
197,d91ca06f8c9e4d198b076285a1ca6f68,2019-08-17 13:49:42,100,100,100,100,männlich,16,0,0,6,unter 10
198,eac76a3357894015a3cb8ca5d16f1e9c,2019-08-17 13:50:13,100,100,100,100,intersex,10,1,28,1,Noch nie
199,bda4c25cef8c48969287d1aaf695c4d1,2019-08-17 13:53:33,31,0,100,90,weiblich,14,0,0,0,Noch nie
200,6f39051778004c579191ecb1899644b0,2019-08-17 13:54:06,75,54,24,100,männlich,16,0,0,1,Ein mal
201,8890e120027a4afebcee4e7790abb228,2019-08-17 13:57:42,91,90,98,82,weiblich,55,1,30,0,Noch nie
202,d80cf4e8a0df4871a868c525fa18fa3b,2019-08-17 14:00:31,50,50,50,50,männlich,8,0,0,1,Noch nie
203,490cef787d504fd69ce835d6aedc7a8b,2019-08-17 14:02:13,100,100,98,100,weiblich,45,1,0,1,Noch nie
204,b9f3e74ccbe64dd19868b1cac5d25536,2019-08-17 14:05:49,85,67,88,91,weiblich,13,0,0,1,Ein mal
205,6fba050f08df4947a5fe0d3074a08b78,2019-08-17 14:06:27,59,73,50,100,weiblich,8,0,0,2,Noch nie
206,105d5928185749a38a2c863509e91099,2019-08-17 14:09:14,100,93,100,100,weiblich,10,0,0,2,unter 10
207,ab3dcf3d572e45bfa539452ec543a947,2019-08-17 14:10:52,72,97,100,100,männlich,8,1,0,1,Noch nie
208,6020d9dd23e14812b0608e49b2c2ee09,2019-08-17 14:12:51,86,100,92,86,männlich,49,0,31,0,unter 10
209,62118ec1f18045ee8f96bb253261e1b3,2019-08-17 14:15:16,50,78,68,100,männlich,10,0,0,5,Noch nie
210,fbdfb0a609944c929d8fa61dec4fd115,2019-08-17 14:17:47,100,100,100,100,männlich,8,0,0,3,Ein mal
211,6d365fe8dd8a48ed8c4a76cd6c127d11,2019-08-17 14:18:55,81,94,74,100,männlich,10,0,0,2,Noch nie
212,023a7f7f06484bada49f4d56dad4e090,2019-08-17 14:21:13,72,89,59,86,weiblich,8,0,0,1,Noch nie
213,8a7424e797c346229232f74272a289a6,2019-08-17 14:21:59,78,50,50,50,männlich,7,0,0,1,Noch nie
214,a508f5ddf7c6406abf64c0ebf3a13efc,2019-08-17 14:25:07,50,100,100,72,weiblich,22,0,3,0,Noch nie
215,1d3a594571c34c6b831e003d5e80a69c,2019-08-17 14:25:57,50,50,8,37,männlich,20,0,0,0,Noch nie
216,5c868901c931462cb78c8c53592aaa80,2019-08-17 14:29:03,100,100,100,69,weiblich,20,0,1,0,Ein mal
217,5d01511c805e4f7eabf8a63057cca9e2,2019-08-17 14:29:49,86,66,77,63,männlich,13,0,0,20,Ein mal
218,7d1f9c3114794284b7f46998801d553d,2019-08-17 14:32:36,78,46,100,100,männlich,12,0,0,1,Ein mal
219,acde437552834d72b833c9311c4eef4e,2019-08-17 14:33:44,73,42,66,100,männlich,9,0,0,4,unter 10
220,c4df2dda390f4209913e4a6d8a7e7423,2019-08-17 14:35:56,100,100,69,100,männlich,9,0,0,1,Noch nie
221,aca6ec18a92040b2977ecb682137a94e,2019-08-17 14:37:08,100,100,100,100,männlich,10,0,0,7,unter 10
222,c07b6e6879674d9f8096d88e53c99bb1,2019-08-17 14:39:15,100,100,100,100,männlich,9,0,0,1,Noch nie
223,639c43529ed441679343abae71ac1fdb,2019-08-17 14:41:27,50,50,80,100,weiblich,8,0,0,0,Noch nie
224,97e92fc605a24d5d94529a322e61f937,2019-08-17 14:42:33,96,84,82,79,männlich,48,0,20,0,Noch nie
225,d0bf0130293e478f9cc6c5c20b380f6f,2019-08-17 14:45:40,60,70,75,30,männlich,12,0,0,4,Ein mal
226,c7f6750fcc504330956590f3d13cbd55,2019-08-17 14:45:47,22,29,23,50,männlich,51,0,30,0,Ein mal
227,ef9903e79b60425fb43e744a71563cae,2019-08-17 14:48:40,100,100,50,80,weiblich,9,0,0,2,unter 10
228,b94bedec43d54a88accffddeeea5cf00,2019-08-17 14:52:24,50,72,50,89,männlich,12,0,13,1,Noch nie
229,606e02a869884dd083f33014ad80f944,2019-08-17 14:56:54,50,50,50,50,intersex,6,0,2,3,mehr als 10 mal
230,373a34bb7b77441ea604cce39951c030,2019-08-17 14:57:04,50,50,50,50,weiblich,36,0,10,0,Noch nie
231,f188652404354ac3bae0ac9968227380,2019-08-17 15:01:46,50,50,50,64,keine Angabe,37,0,9,3,Noch nie
232,d1105914559946469bd677edfd2ce4b0,2019-08-17 15:07:10,71,50,50,75,männlich,21,0,5,10,unter 10
233,b83739603dd14bc48041357b86b5de0c,2019-08-17 15:09:18,83,98,92,88,weiblich,20,0,3,0,Noch nie
234,663bdf7685d8483e83a89ba44505345d,2019-08-17 15:10:38,50,50,50,50,weiblich,9,0,0,0,Ein mal
235,0b5e0968a91d46a78f6a550767564585,2019-08-17 15:13:52,78,50,87,50,männlich,8,0,0,10,Noch nie
236,32162b89750f47efbc850464e6f0888c,2019-08-17 15:14:28,100,75,100,100,keine Angabe,10,0,0,0,Ein mal
237,f7aa9f1bd79a4162885821cd392f0c8d,2019-08-17 15:17:07,100,100,88,100,männlich,46,0,28,1,unter 10
238,93609dc0df5f44118c801442c85321e4,2019-08-17 15:19:06,100,100,100,100,männlich,11,0,0,3,unter 10
239,12b09b201b874cad955c37c9fda7782a,2019-08-17 15:20:40,100,100,84,66,intersex,25,0,58,5,unter 10
240,3aee23bd900c49a5983b11116c9140cb,2019-08-17 15:22:54,0,100,100,100,männlich,19,0,0,10,unter 10
241,c6516552dc984e4b8755aed9ef470e85,2019-08-17 15:24:07,100,100,100,100,männlich,9,0,0,10,unter 10
242,bfb15073c6144d9b8e9089113eb389a1,2019-08-17 15:26:37,77,93,70,97,männlich,12,0,0,9,unter 10
243,f89ddaadfc014185975d2ce01abf8928,2019-08-17 15:28:25,27,75,52,100,weiblich,10,0,0,8,unter 10
244,15861b9eaa2f4bc8b0e2cf53972cd621,2019-08-17 15:31:18,50,0,51,62,weiblich,12,0,0,1,Noch nie
245,706165a90c994ca89e8574b4772f161c,2019-08-17 15:32:28,50,100,100,100,männlich,10,0,0,1,Noch nie
246,51f7162f60434d4f94acc946d1c4f7bd,2019-08-17 15:35:34,50,50,50,50,männlich,32,0,10,5,Ein mal
247,521fd9370f17436c8ed4b7ab932ef19a,2019-08-17 15:36:36,40,50,48,20,weiblich,14,1,0,0,Noch nie
248,b16efed7484d433f9abf19c1d8b56dbe,2019-08-17 15:39:22,0,0,50,100,weiblich,20,0,1,2,Ein mal
249,c6e921cf987c4e3498c6cf919b94754a,2019-08-17 15:41:24,100,0,0,0,männlich,10,0,0,0,Noch nie
250,4521de7cd32e434ebcf4d637d2e28816,2019-08-17 15:43:21,100,50,50,98,männlich,23,0,4,10,Ein mal
251,1cbf6bb0b2424000a3ec760e94710b7c,2019-08-17 15:45:26,34,0,0,38,weiblich,10,1,0,0,Noch nie
252,3838bc9a50724331a634c836ab2c2061,2019-08-17 15:47:03,0,50,0,0,weiblich,40,1,20,0,Noch nie
253,684b4e7db71946f2be03e3524f6abf03,2019-08-17 15:49:55,38,25,0,100,weiblich,11,1,0,0,Noch nie
254,6b7fde67ae8f42a8b96f191e73ec7652,2019-08-17 15:51:04,1,75,5,100,weiblich,12,1,0,2,Noch nie
255,54ea7405c0f34b1c8efb6e30fc46284f,2019-08-17 15:53:42,50,33,87,83,männlich,59,0,38,0,Ein mal
256,4f342b8cd41540d0a3d82c6e62ee1801,2019-08-17 15:57:09,45,55,50,100,männlich,7,0,0,0,unter 10
257,64c0b4d51f2f449aaf752a6d7c387dd3,2019-08-17 15:58:35,0,0,0,100,keine Angabe,19,1,1,99,Noch nie
258,8ad1335dfc4d435aac5efc5d76cb036f,2019-08-17 16:01:18,38,36,50,50,männlich,45,0,20,0,unter 10
259,79caaabc11054456bc3f376c038f57d4,2019-08-17 16:02:13,67,88,63,94,männlich,14,0,0,8,unter 10
260,21893e786926499ca8839a4717357058,2019-08-17 16:04:21,50,50,50,50,männlich,9,0,0,0,unter 10
261,69fd4df55bcc481c8d2f14c54eb78514,2019-08-17 16:05:57,88,100,82,77,weiblich,11,0,0,2,Noch nie
262,aba6512fd68540afbca98bb3d351250c,2019-08-17 16:07:46,63,59,66,70,männlich,48,0,30,0,Noch nie
263,7ed8946cf4d4484ba7b90a2795c3355d,2019-08-17 16:09:46,80,50,50,83,weiblich,5,0,0,0,Ein mal
264,ec4aa26b70534b9fb7d853b770909d13,2019-08-17 16:11:01,70,65,51,85,männlich,10,0,0,4,unter 10
265,3eaeb140b3984dbc9331c29a132b349a,2019-08-17 16:13:16,91,94,86,82,weiblich,45,0,20,0,Noch nie
266,d20279682c5c4daf8b67a760e908afa6,2019-08-17 16:14:08,78,74,71,100,männlich,50,0,30,2,Ein mal
267,3a11004719554e50b71348b6300ff0fe,2019-08-17 16:16:53,100,100,95,93,männlich,53,0,30,5,unter 10
268,d2351371ceb3492e9d29138e0cbcb29a,2019-08-17 16:18:58,100,100,100,100,männlich,11,0,0,20,unter 10
269,abbef63ca36e4e3dba12eab194612050,2019-08-17 16:20:20,50,84,81,100,weiblich,50,0,20,0,Noch nie
270,1613baed641142188e1e26aeecf8590d,2019-08-17 16:22:26,74,75,37,62,weiblich,29,0,11,0,Ein mal
271,9bfb8e4d7aae4e01b6f7ad89dacb4fe0,2019-08-17 16:23:57,50,80,72,78,weiblich,64,0,35,0,Noch nie
272,2890eb065faa48ec8019b8a1d3db0f62,2019-08-17 16:26:03,100,100,100,100,männlich,10,0,0,20,Noch nie
273,7654e5c9c3d24ce29399c7ac62d991bc,2019-08-17 16:28:02,79,83,93,74,weiblich,49,0,30,0,Noch nie
274,7ff6a3bee2d24914977a5cb93bd56d3f,2019-08-17 16:29:22,100,84,100,100,weiblich,41,0,18,0,Noch nie
275,d13e6129cfa04e2f98b94f5893831df2,2019-08-17 16:32:36,74,81,87,86,weiblich,14,0,0,1,Noch nie
276,16a2c502f262461db746c609c14b3b40,2019-08-17 16:32:37,85,50,100,100,männlich,9,1,0,1,Ein mal
277,4efe8d874bc845c1a464d55db21edf07,2019-08-17 16:35:45,100,100,100,100,männlich,23,0,5,10,unter 10
278,b3ca5de9d53f449eaa3734eec1a1ecaf,2019-08-17 16:36:22,100,100,100,100,männlich,9,0,0,2,Ein mal
279,51865bc0cca54034a8997c2b8991d33c,2019-08-17 16:39:30,100,100,100,100,weiblich,21,0,2,1,Noch nie
280,a0f5881dc9884bae880ff967348f32f8,2019-08-17 16:40:09,97,75,50,50,weiblich,59,0,35,0,Noch nie
281,f3417cba40f8425cafdf4eec5e3a82c6,2019-08-17 16:45:30,31,50,74,89,keine Angabe,14,0,0,0,unter 10
282,841f3ee239374294ab5882479834d276,2019-08-17 16:49:41,80,65,61,90,männlich,19,0,3,10,unter 10
283,91e896b5d3ec4a80b9364155beb32c80,2019-08-17 16:50:31,40,60,75,60,männlich,56,0,37,1,Noch nie
284,bf6ba782236e4a0d90dc5ee39b3a3e62,2019-08-17 16:54:10,78,72,0,100,männlich,11,0,0,5,unter 10
285,8d564784bebd4fc2953f3fdfafc3c4ca,2019-08-17 16:58:50,50,50,80,80,männlich,5,0,45,0,unter 10
286,4547a3fe8f8b474dbb9d2561238b0831,2019-08-17 17:02:47,86,79,77,83,keine Angabe,46,0,30,4,unter 10
287,b1b9ecb181604e789a8affb753c10cde,2019-08-17 17:05:46,50,50,50,50,männlich,14,0,0,1,Noch nie
288,30467892e2f341ce874f99bbd6c3c1cf,2019-08-17 17:07:53,50,50,50,50,männlich,4,0,0,0,Noch nie
289,3d3b83918589468f8be7e85ac28db1b3,2019-08-17 17:08:53,50,50,50,50,weiblich,4,0,0,0,Noch nie
290,84e5f06bfb6a46c5a68cc9dd559f45ea,2019-08-17 17:10:50,50,62,68,100,männlich,13,0,0,10,unter 10
291,42358fbaa36b4932bbcdf317b6b635e6,2019-08-17 17:14:30,17,30,96,100,männlich,12,0,0,7,mehr als 10 mal
292,bfcff4daa47f464f9a79787522f9bd33,2019-08-17 17:18:09,50,50,50,50,keine Angabe,6,0,7,0,Noch nie
293,1bf953003c894c7fa25633aae45d0a66,2019-08-17 17:18:58,77,13,100,29,weiblich,10,0,0,7,Noch nie
294,801fd43bc65b4495b088f85283394e8f,2019-08-17 17:22:16,50,50,50,50,keine Angabe,8,0,0,0,Noch nie
295,c754492241cc4ad584c804b3993591d7,2019-08-17 17:23:17,76,67,71,100,weiblich,14,0,0,0,unter 10
296,3134b3fe2fe44873bedb63e107806177,2019-08-17 17:26:12,50,7,38,50,weiblich,52,0,30,0,Ein mal
297,423ba11d862a4135a33c2a1708845296,2019-08-17 17:26:59,79,29,75,76,weiblich,14,0,0,0,unter 10
298,f2e32f9ac94348bd8711c5dd79dbe31a,2019-08-17 17:31:51,50,100,32,100,weiblich,32,0,12,0,Noch nie
299,92822db69bc041249a8bb69566677f2c,2019-08-17 17:32:00,10,87,9,21,weiblich,52,0,0,0,Noch nie
300,25a0f404e11c479794c33307fdb453ec,2019-08-17 17:35:01,70,92,81,97,männlich,14,0,0,12,unter 10
301,9e28adedc3c848ac80c9132d81d00889,2019-08-17 17:35:42,50,50,50,50,männlich,54,0,30,0,Ein mal
302,7a887a100fe24c17905530f19325b6ca,2019-08-17 17:38:44,100,100,100,100,weiblich,10,0,21,10,mehr als 10 mal
303,e8142573235b44fda9c3ecab45642fff,2019-08-17 17:40:09,60,60,85,75,weiblich,35,0,17,0,Noch nie
304,ad12bbf1951b47838db848a3a0e8e12c,2019-08-17 17:44:32,50,100,50,50,männlich,7,0,0,1,unter 10
305,16d52758030a4328939d12088fd03cac,2019-08-17 17:44:41,74,62,70,77,männlich,44,0,20,1,unter 10
306,1e8337410f68453a95aac3673399b3ab,2019-08-17 17:49:11,0,50,50,50,weiblich,54,0,35,1,Noch nie
307,01b544bdfc9447a7b6a7935d3f7456fb,2019-08-17 17:49:36,55,25,30,40,männlich,22,1,4,0,Noch nie
308,26451ded570949f4aef9a7b36778102f,2019-08-17 17:53:15,65,72,45,65,weiblich,21,0,1,0,unter 10
309,4268fdf55251440880f8a5d2ec678e39,2019-08-17 17:54:09,80,90,60,40,weiblich,28,0,11,0,Ein mal
310,68121e3c78224edc801a57e423f76c41,2019-08-17 17:57:45,71,23,66,68,männlich,35,0,4,1,mehr als 10 mal
311,a523a493f9684aba926670ade61eaed2,2019-08-17 17:58:46,76,81,99,96,männlich,46,0,28,0,Ein mal
312,c8c5feb926f04d4084ae4fbde606754c,2019-08-17 18:09:02,64,66,70,69,männlich,8,0,6,2,Noch nie
313,7f3e98dcf8f6402389299d75c45b2136,2019-08-17 18:10:43,50,50,50,50,männlich,4,0,0,0,Noch nie
314,c3ddcb60988648c381e38d249857f6b1,2019-08-17 18:12:14,100,50,50,50,keine Angabe,6,0,6,3,unter 10
315,aae75609ece6434d846401fa1fbde61a,2019-08-17 18:12:44,50,50,50,50,männlich,3,0,0,3,unter 10
316,100be675cf904c04834f8434819b7364,2019-08-17 18:14:58,28,32,38,76,männlich,12,0,0,7,mehr als 10 mal
317,e8c078de390f49b1a968d9421ca5be3e,2019-08-17 18:16:35,50,50,50,50,weiblich,7,0,4,5,unter 10
318,738edf7b862345f9af439cc34859d345,2019-08-17 18:18:45,50,50,50,50,weiblich,10,0,1,1,Noch nie
319,926a85b765db477cb4080cad993cbfe9,2019-08-17 18:23:12,50,50,50,50,männlich,31,0,12,0,Ein mal
320,b9bda61e42bc41d9b661e77e8391fae4,2019-08-17 18:25:14,50,50,50,50,männlich,61,0,45,0,Noch nie
321,02efa5bc14784859a4186121f2ed2b5e,2019-08-17 18:27:37,50,65,35,50,männlich,59,0,40,0,Noch nie
322,f9721075b23c44e988a5a36a4f257830,2019-08-17 18:28:32,24,16,15,84,weiblich,56,0,30,0,Noch nie
323,33670a5815904e06b627d9925dcfcacd,2019-08-18 10:06:30,100,76,77,100,männlich,52,0,36,0,mehr als 10 mal
324,c8cb408895554ebcbd5f64aebd680ee0,2019-08-18 10:07:49,50,50,20,25,männlich,23,0,1,15,Noch nie
325,f5a2a81e14a74bffaa5e1684f2b8d8b1,2019-08-18 10:10:16,81,83,89,83,männlich,18,0,1,0,unter 10
326,414931308c3d484a8766a252aa88e108,2019-08-18 10:13:47,26,60,27,30,weiblich,26,0,2,0,unter 10
327,59afef9791b34a21b4a6f066dbd2007f,2019-08-18 10:18:02,83,27,92,77,männlich,19,0,3,0,unter 10
328,b549e1b1813344a794b7b940be3819e4,2019-08-18 10:25:07,21,61,100,100,männlich,59,0,20,1,Noch nie
329,5f6e94b406674d73909933e86277bacd,2019-08-18 10:27:35,71,20,100,33,weiblich,13,0,0,10,unter 10
330,2636e8e7e6cf4c92a4c2a91a4edc10c4,2019-08-18 10:28:44,100,50,50,50,weiblich,57,0,42,0,Ein mal
331,25b0f7eb8262408aa54f14136c3e04b6,2019-08-18 10:31:17,85,27,100,28,weiblich,16,0,1,5,unter 10
332,173d2499f4ff42a3adfd478f7a3847f7,2019-08-18 10:32:23,100,100,100,100,männlich,60,0,40,0,unter 10
333,648abdd417fa489b9dc39be310ec5f98,2019-08-18 10:35:28,87,71,84,75,weiblich,30,1,6,6,unter 10
334,bce40f54e2d84a45acfedc45c5b25411,2019-08-18 10:39:30,100,100,100,100,weiblich,52,0,32,0,unter 10
335,7d45439559ec4efeb308ea9080726943,2019-08-18 10:42:52,70,50,63,93,weiblich,9,0,0,5,Ein mal
336,d67ae7632f034816a444daf6e7bcdf8b,2019-08-18 10:43:38,50,100,50,100,männlich,58,0,45,0,Noch nie
337,0f98205950c24a51920686651503b87c,2019-08-18 10:46:08,94,60,61,61,weiblich,9,0,0,5,Ein mal
338,35c7c56acdd041eabecff37a0779a389,2019-08-18 10:47:38,50,100,65,100,männlich,27,0,10,0,Noch nie
339,de407a17f5b747ec814887e324231685,2019-08-18 10:51:12,87,50,71,82,weiblich,58,0,45,0,Noch nie
340,be76a02050374890a84e93951f9b4fd3,2019-08-18 10:54:44,28,79,77,100,männlich,28,0,10,3,Noch nie
341,4ede7d852dfb4dbcbf85da6c8ab9df08,2019-08-18 10:56:09,100,98,97,75,männlich,11,1,0,12,Ein mal
342,a8dc2118d1d945708601976f80c6184a,2019-08-18 10:58:26,63,23,100,81,männlich,15,0,0,2,unter 10
343,be77d1f820c9469088319007afa89563,2019-08-18 11:00:37,81,87,50,61,männlich,10,0,0,0,Noch nie
344,b8579b56f1624658a230c7391014096a,2019-08-18 11:02:34,98,100,80,100,männlich,11,0,0,7,unter 10
345,4ae2b85d13f245b195bc6257b516940c,2019-08-18 11:07:28,100,100,100,100,männlich,9,0,0,1,unter 10
346,1752c7b7869f4894a5f3a265446ff7e7,2019-08-18 11:07:46,50,50,50,24,intersex,25,0,4,20,Ein mal
347,aff383dfc915495e8157b658bc1808db,2019-08-18 11:11:31,75,72,79,91,weiblich,12,0,0,3,unter 10
348,2ac70969c4a64fc2a75bc23b24fd7e1f,2019-08-18 11:11:50,25,26,29,0,weiblich,14,0,0,0,Ein mal
349,3fef9b6da8d84ecca5873f038a4f8b8d,2019-08-18 11:15:40,0,50,19,72,weiblich,22,1,0,0,Ein mal
350,139893eb56c543e2a81be82d24926847,2019-08-18 11:19:47,63,50,69,31,weiblich,14,0,0,0,unter 10
351,5b0a03351c544ea6b57e7650ad82fea0,2019-08-18 11:23:28,96,89,95,87,männlich,48,0,35,0,Ein mal
352,bd129b5560e8460bad05371aa8a3ae15,2019-08-18 11:24:56,100,99,96,96,männlich,51,0,30,0,unter 10
353,2100cad5c3e54bc38a1ee0a9f0eafd12,2019-08-18 11:27:49,100,87,72,100,weiblich,47,0,25,0,Noch nie
354,24cb244596f6482ea07f3ef906992e9f,2019-08-18 11:32:00,95,77,74,77,männlich,28,0,5,1,unter 10
355,9c8284cc90ca4c90b9467e06a6aa7595,2019-08-18 11:34:12,75,100,50,80,männlich,49,0,0,10,mehr als 10 mal
356,48d1defe33734d9984ed41f5af9b628f,2019-08-18 11:39:55,58,100,50,50,männlich,9,0,0,12,Noch nie
357,84e035fa9436441cbdc1fe87f67d0018,2019-08-18 11:41:50,5,51,10,5,weiblich,47,0,29,0,Noch nie
358,ea1d06876e0745d890d24e28e39aedad,2019-08-18 11:46:00,0,100,33,41,männlich,10,0,0,5,Ein mal
359,259200d857f94e48915fdb55167295d9,2019-08-18 11:48:09,100,81,100,100,männlich,35,0,10,10,Noch nie
360,1e8492ea2cc84af89e7d48d870c18b15,2019-08-18 11:49:41,50,30,16,30,weiblich,33,0,15,1,Noch nie
361,00c831eddb5745e59cffba23918376c8,2019-08-18 11:51:45,100,50,100,100,männlich,10,0,0,1,Ein mal
362,ed9dc72d9a274b76ad918005e8927420,2019-08-18 11:53:55,50,24,50,99,männlich,10,0,0,0,Noch nie
363,93b7fea0014e4d819298b8ecbe46bfe9,2019-08-18 11:55:09,29,50,35,34,männlich,47,0,29,2,mehr als 10 mal
364,21306d56c7e0491183df449d597840e9,2019-08-18 11:58:37,75,50,72,100,weiblich,47,0,30,0,Noch nie
365,07b892e369e24546b79b4638e1c124fc,2019-08-18 12:00:14,95,50,85,100,männlich,43,0,25,0,unter 10
366,910d4724fb054ced805c1c32a67d554c,2019-08-18 12:02:13,75,100,100,100,männlich,12,0,0,3,mehr als 10 mal
367,529754a7f89347318c63e44ce8180899,2019-08-18 12:05:19,56,50,50,50,weiblich,4,0,0,0,Noch nie
368,973d8769b3444fbab4ddc3ac5b5b9fca,2019-08-18 12:05:22,0,22,27,31,weiblich,47,0,29,0,unter 10
369,8cd5f7d3eb0146089032e2e1ee125d49,2019-08-18 12:08:33,82,69,60,86,weiblich,12,0,0,0,Noch nie
370,aea290204ffe4566a083120b0cb492dd,2019-08-18 12:08:43,5,0,48,34,männlich,47,0,0,0,Noch nie
371,59eb11899b3b4c41a443949d2d592ea1,2019-08-18 12:12:11,20,50,50,33,männlich,51,0,0,5,Ein mal
372,5d75252adb874622b54d317acec1c36d,2019-08-18 12:12:36,40,1,19,100,weiblich,10,0,0,9,unter 10
373,1513ce6df14349f5bebdf922348999a7,2019-08-18 12:15:54,100,100,100,100,männlich,13,0,0,10,mehr als 10 mal
374,c48a379f096146829a8951d32239778f,2019-08-18 12:15:56,50,80,83,72,männlich,65,1,50,0,Noch nie
375,cf198f906a2e48cdbce174e9376f7a3c,2019-08-18 12:19:24,66,73,71,75,weiblich,24,0,6,0,Ein mal
376,37cd263b19bd4d13a3de4f25fe5b160f,2019-08-18 12:20:03,100,100,100,100,weiblich,11,0,0,6,unter 10
377,4fbd010f2cb245b9ae5cf1041e135e69,2019-08-18 12:22:57,92,98,100,98,weiblich,51,0,32,0,Noch nie
378,a241df11b8d844889298383f5aa378c4,2019-08-18 12:23:50,100,92,84,100,weiblich,11,0,0,7,unter 10
379,461369eb2db64607b9ea546fa896991b,2019-08-18 12:26:37,100,100,99,100,männlich,8,0,0,0,unter 10
380,037610158f684e99b49b231d7c4ce3ed,2019-08-18 12:27:28,50,50,50,50,weiblich,49,0,31,0,Noch nie
381,dafbf64faa884f3e893a0e45e412d1bd,2019-08-18 12:30:23,100,100,100,100,männlich,8,0,0,0,unter 10
382,f45587210ef945deaab53cf7edd0264d,2019-08-18 12:31:02,100,50,100,100,männlich,56,0,39,0,Noch nie
383,9898042a9d0645ba856c809589180e6f,2019-08-18 12:34:10,81,94,100,62,männlich,39,0,21,2,mehr als 10 mal
384,2ca1d6867209445ba6199368adbf4965,2019-08-18 12:34:36,100,100,77,100,männlich,11,0,0,2,unter 10
385,91ebed10b0c44b269289f57e4291d52e,2019-08-18 12:37:21,100,100,100,100,männlich,38,0,18,1,Ein mal
386,fba63480fd1d4f47a25750cef6f7ffa0,2019-08-18 12:37:48,72,74,79,50,weiblich,13,0,0,0,unter 10
387,e7f81acb42484542ae0aec004eeaedbb,2019-08-18 12:41:35,58,65,79,87,weiblich,23,0,6,0,Ein mal
388,90a2bc9859bf4faea03f4fad5d68a606,2019-08-18 12:43:05,23,32,35,35,weiblich,65,0,45,0,Noch nie
389,9be3381cffad444d9264ea24c6d22099,2019-08-18 12:45:27,100,100,100,100,weiblich,26,0,7,0,Noch nie
390,d427140e0ee045f0a16a2491597fc39a,2019-08-18 12:46:38,100,100,100,100,männlich,31,0,5,0,Ein mal
391,c369085b02c24beabe9fb10ddc53e3d9,2019-08-18 12:49:46,100,100,100,100,männlich,13,0,0,5,unter 10
392,b3edbd1fe4c443559a9c6166a28b84d8,2019-08-18 12:50:55,79,82,39,38,weiblich,20,0,3,0,unter 10
393,c35c644fbef24bbba7cc3cf3ac32e534,2019-08-18 12:53:36,100,100,0,100,keine Angabe,14,0,0,4,unter 10
394,a332d2764db0492b9a96445e4cd69b02,2019-08-18 12:57:03,72,81,40,60,männlich,12,0,0,7,mehr als 10 mal
395,a57cfbb17b4b4897baad758ff16b8432,2019-08-18 12:57:12,50,50,68,31,weiblich,18,0,1,0,Noch nie
396,60c62a8067c24181936e27dff2454c88,2019-08-18 13:00:39,0,100,79,25,männlich,11,1,0,8,unter 10
397,3f1feb403a45477f96461b6193bc3b95,2019-08-18 13:00:45,61,69,34,38,männlich,53,0,28,1,unter 10
398,9331d7fe617f46d28c169f22727311de,2019-08-18 13:03:59,92,91,75,100,männlich,52,0,34,2,unter 10
399,895b454d5c36459e88eac52cc97d886e,2019-08-18 13:04:36,44,31,34,54,weiblich,13,1,0,19,Ein mal
400,382d2dd426e34730ad96e972fc208bd3,2019-08-18 13:07:56,100,100,100,100,männlich,12,0,0,1,mehr als 10 mal
401,321b072d339e4271ab610bb978170d46,2019-08-18 13:08:46,100,50,43,63,weiblich,57,0,19,0,Noch nie
402,fc2af9c67d0b40ef9949ecc5a5f41b04,2019-08-18 13:11:31,50,3,50,50,weiblich,40,0,0,0,Noch nie
403,559851086a72471aba4c779a64bbd8fd,2019-08-18 13:12:50,86,86,100,100,weiblich,12,0,0,0,Ein mal
404,f2711b9029144974a8cf0d36ad6633fc,2019-08-18 13:15:17,91,80,75,100,männlich,9,0,0,10,Noch nie
405,9dc2008f24ae40e88fb0329824ae0d2d,2019-08-18 13:17:12,100,75,100,100,weiblich,9,0,0,8,Ein mal
406,e5617829bdb04ee69a202e24dafce160,2019-08-18 13:18:31,100,100,100,50,männlich,10,0,0,2,Noch nie
407,a038c07a84e64773803eeab8ad26d238,2019-08-18 13:20:43,100,100,100,100,männlich,12,0,0,4,Ein mal
408,c62406fe12de4331a20f108df811cfd2,2019-08-18 13:22:20,67,36,69,43,männlich,13,0,0,4,unter 10
409,457e2f1f478d478682231e123170b107,2019-08-18 13:25:05,0,50,100,63,weiblich,99,0,9,0,unter 10
410,9e1ece88256a4b28a40485c16e60e216,2019-08-18 13:25:50,48,45,41,50,weiblich,12,0,0,3,unter 10
411,9c0d55d294c34a99b9ceeae1c65c6cd0,2019-08-18 13:28:33,50,100,76,74,weiblich,51,0,30,0,Noch nie
412,952d1acc15ff403c819fe700390979a4,2019-08-18 13:30:19,67,77,73,73,weiblich,11,0,21,2,Ein mal
413,aa2e70f5255a4aa896d5e578e75e07a0,2019-08-18 13:31:56,50,88,50,100,männlich,14,0,0,10,unter 10
414,79523e43201649b38e69a22d99c6d6f4,2019-08-18 13:36:13,50,50,76,93,weiblich,11,1,0,6,Noch nie
415,349a26a3d39c41ff8427000f40ace663,2019-08-18 13:36:58,43,50,60,77,männlich,8,0,8,5,Noch nie
416,3275d3f156be4e3b8b3f885d8f2f5d37,2019-08-18 13:40:39,83,84,67,100,weiblich,11,0,0,4,Noch nie
417,4bf0cb616845475a9b99a7e56c4df3b9,2019-08-18 13:41:33,74,31,75,100,weiblich,8,0,0,4,unter 10
418,ec9c0f1c742543f18909df8c3c678071,2019-08-18 13:44:37,100,100,100,100,weiblich,40,0,20,0,Noch nie
419,dc9b805a931b4badbbc022c3dda45a4f,2019-08-18 13:45:35,85,100,91,100,männlich,13,0,0,10,unter 10
420,c23f4629289e4c1bbe6b65d3c5d4b2f5,2019-08-18 13:48:14,91,90,88,67,weiblich,42,0,22,0,Noch nie
421,3d7b2ce552e148b480a718e48b1b901e,2019-08-18 13:49:32,93,83,81,84,männlich,13,0,0,22,mehr als 10 mal
422,f2668893a8954695af18c83aae35171b,2019-08-18 13:53:46,42,51,72,79,weiblich,41,0,23,7,unter 10
423,8f6dcfe401664bcb92e8cf86976facdd,2019-08-18 13:55:08,36,50,34,38,weiblich,28,0,11,0,Ein mal
424,dfdec2ab5dbf4e4abbc5674bd96b4c94,2019-08-18 13:58:54,100,100,100,100,männlich,8,0,0,0,unter 10
425,02b413d761694ddbb847dd6b5d9a5940,2019-08-18 13:59:01,100,100,100,100,männlich,8,0,0,9,Ein mal
426,8fc7c7b6747e44c2b8a3570c0b95a4f0,2019-08-18 14:02:14,87,100,100,86,männlich,52,0,30,0,unter 10
427,d1c5fdd5a8cf42d293c311b6c8bd2c29,2019-08-18 14:03:04,95,100,100,100,männlich,8,0,0,0,unter 10
428,ba3f59f8d736474389a4b680eb6a64c2,2019-08-18 14:06:56,66,75,100,100,männlich,13,0,0,40,unter 10
429,dbacc68c288e48299afb30adc4f5edb0,2019-08-18 14:07:25,85,93,91,94,weiblich,75,0,50,0,Ein mal
430,fee546be8d1d42c8a1c83ef288ca42bf,2019-08-18 14:11:06,50,50,50,84,männlich,15,0,0,15,Ein mal
431,f861f970b68740b9938d07581ed225f2,2019-08-18 14:11:19,88,75,84,100,männlich,6,0,0,0,Noch nie
432,7319c9a6a61944bcb6751fcff8f0b217,2019-08-18 14:14:51,98,95,92,91,männlich,7,0,0,0,Noch nie
433,11993549fc77429cb7016374e31e156e,2019-08-18 14:14:51,100,88,100,84,weiblich,9,0,0,0,Noch nie
434,0eb34308a3214ba8b572aac52770e44c,2019-08-18 14:18:42,77,50,50,100,weiblich,46,0,25,0,Noch nie
435,f0567f834606499f936c020d48ca6c04,2019-08-18 14:18:49,0,50,69,32,weiblich,13,1,0,0,Ein mal
436,5fe4cbe0d412466c9194b9851b825a21,2019-08-18 14:22:16,82,80,100,100,männlich,11,0,0,5,Noch nie
437,8bac2b6349bd4547a8dc2022ce444f77,2019-08-18 14:22:26,100,97,78,79,männlich,13,0,0,10,Noch nie
438,880e7f372c994bfeb7c2ef4f0a1a3d48,2019-08-18 14:25:39,72,48,65,90,weiblich,12,0,0,0,mehr als 10 mal
439,42672913f02640988b443595bfb64e60,2019-08-18 14:26:11,38,51,69,66,weiblich,10,1,0,0,mehr als 10 mal
440,78486f3b6d8a43eea6c4e85b065b7bd1,2019-08-18 14:29:08,82,85,76,90,männlich,20,0,2,0,Noch nie
441,e67841c3e1314787acef500b60c22ce8,2019-08-18 14:29:32,46,50,38,22,weiblich,25,1,0,0,unter 10
442,df7f92cb3f6a4997847f0d97b3a8943c,2019-08-18 14:32:20,100,100,86,100,weiblich,11,0,0,0,Ein mal
443,e34298921bca4fe3997b88c670dfbdb4,2019-08-18 14:33:20,80,41,83,76,männlich,25,0,5,0,Ein mal
444,7838df1ed1324c07952d6c7c82d8e294,2019-08-18 14:35:55,94,85,91,100,männlich,54,0,36,0,Noch nie
445,1468d1cc0465420fb13b2e70db096847,2019-08-18 14:37:21,100,75,92,100,weiblich,13,1,0,0,unter 10
446,0cbaedfbe6bf447ca78d174a3ac0db65,2019-08-18 14:39:05,100,87,79,89,weiblich,13,0,0,1,Ein mal
447,66b3ce72f1b64cb6ad88b8b1c48beeee,2019-08-18 14:40:34,80,63,83,70,männlich,15,0,0,8,unter 10
448,ab4355afa5284a66863f84250c26caf4,2019-08-18 14:42:23,78,94,100,71,weiblich,20,1,2,0,Noch nie
449,74ee3e5d2418468fb44dfca361658712,2019-08-18 14:44:07,86,87,89,80,weiblich,14,0,0,1,unter 10
450,4edf476622fb48f58cc3969b57d84aca,2019-08-18 14:45:58,88,88,100,100,weiblich,9,0,0,1,Noch nie
451,956321abd3e348c1a8041bc5a88c5697,2019-08-18 14:47:14,50,50,50,50,weiblich,1,0,0,1,unter 10
452,ce10b0d735c24b8c92db5b8608ff470f,2019-08-18 14:49:54,100,78,85,88,weiblich,11,1,0,1,Ein mal
453,ad1cb5cf759d4b6b8b0549c11098b30d,2019-08-18 14:50:41,15,80,81,50,weiblich,49,0,35,0,unter 10
454,74ce97bf2ff344e088fef703b7164a63,2019-08-18 14:54:54,74,81,72,40,männlich,45,0,25,0,Noch nie
455,e488eb272333439a8416713ae622131b,2019-08-18 14:56:51,20,50,67,36,männlich,10,0,0,6,Ein mal
456,5ddb69702e914ea69d8770a76b9641c3,2019-08-18 14:58:03,50,50,50,85,männlich,6,0,0,3,Noch nie
457,d168001364174913b38e6e00d14ffe34,2019-08-18 15:00:57,100,82,100,66,weiblich,12,0,0,0,mehr als 10 mal
458,441398a3b7c940759293c523d6559326,2019-08-18 15:02:09,73,77,67,80,männlich,34,0,15,1,mehr als 10 mal
459,5cf3b1b74a3d45a698bfde5c39b1667b,2019-08-18 15:04:37,50,50,87,92,weiblich,53,0,30,0,Noch nie
460,15a3902d800b4afb9fe92b33d0d4202f,2019-08-18 15:05:59,78,66,64,74,weiblich,31,0,12,5,mehr als 10 mal
461,e650c90a6c0f47039b977fa9b8dbd745,2019-08-18 15:08:18,13,58,26,28,weiblich,20,0,1,2,Noch nie
462,795a014ad9974450be2ced9bb5f939d3,2019-08-18 15:12:35,80,78,50,40,männlich,24,0,6,0,unter 10
463,1530dc055595416b92ff9d4fa6bb1af3,2019-08-18 15:15:44,98,94,100,100,männlich,7,0,0,0,Noch nie
464,f42e3a75b0da4c6b9b1ce00baf158b70,2019-08-18 15:16:34,71,71,50,90,weiblich,11,0,0,0,Ein mal
465,cf8396efe73c44caa444a1afc0b046e2,2019-08-18 15:18:12,90,88,92,90,männlich,7,0,0,0,Noch nie
466,f796941b7e314782adaaff1e676ab747,2019-08-18 15:19:59,83,82,100,100,männlich,10,0,0,5,unter 10
467,3952fb9b28284dd582f39de618181835,2019-08-18 15:20:59,100,100,100,100,männlich,13,0,0,9,mehr als 10 mal
468,931ce6cbe6c642b0922d4eec7eca13e2,2019-08-18 15:24:10,100,80,100,100,weiblich,10,0,0,6,unter 10
469,7325f499b91a407dbf5a67e073d3e251,2019-08-18 15:24:51,82,96,87,91,männlich,13,0,0,23,unter 10
470,e7aa334bee7c465d9b26b4598f99cd7b,2019-08-18 15:27:56,37,41,28,37,männlich,31,0,11,0,Noch nie
471,1ce0f31c116749c9a67446813c0e3a81,2019-08-18 15:28:27,100,67,100,99,männlich,7,0,0,0,Noch nie
472,775978d21297414680807c492b78b491,2019-08-18 15:31:26,58,56,58,60,männlich,28,0,0,1,unter 10
473,e27db019a1874ecb8d8238e88c25f597,2019-08-18 15:31:55,100,92,100,100,weiblich,11,0,0,0,Noch nie
474,f99d253d8b43476ea68d4c58851610a3,2019-08-18 15:34:53,20,30,50,30,weiblich,41,0,20,0,Noch nie
475,8a8caa631a1f40caa258dca32ae0c7a9,2019-08-18 15:35:32,90,93,93,94,männlich,7,0,0,0,Noch nie
476,22ab0b82271e4a5fa46c6c4f0c6de0bf,2019-08-18 15:39:08,20,100,100,100,weiblich,8,0,0,1,unter 10
477,fde323d5ff8b471e89803df36d9652f4,2019-08-18 15:39:11,29,32,32,41,weiblich,11,0,0,0,Noch nie
478,ad0c2db3457647a19cfc08074f154d0a,2019-08-18 15:42:18,100,50,50,50,männlich,6,0,0,0,Noch nie
479,4d021ceb339d48f882486f08b7081d7a,2019-08-18 15:42:56,50,17,50,50,männlich,8,0,0,0,Noch nie
480,a826f2af51a34a3598dbd208b8bb2f9d,2019-08-18 15:45:16,50,50,50,50,weiblich,40,0,20,0,Noch nie
481,081eb2dee09a4963b5402c246a7643b8,2019-08-18 15:45:42,20,75,100,10,männlich,14,0,0,5,unter 10
482,1f08bd5bf0d1426281ae8992ea238d01,2019-08-18 15:49:17,77,81,100,89,männlich,8,0,0,0,unter 10
483,be0662820c524201ba3a37e66fc2356d,2019-08-18 15:50:11,72,59,38,100,weiblich,8,0,0,0,Noch nie
484,408e2462c72e4173bc9a6073de7300f6,2019-08-18 15:53:04,50,100,100,100,männlich,8,0,0,2,Ein mal
485,a718368a84474f95ba46408e533bb382,2019-08-18 15:53:39,85,76,31,84,männlich,6,0,0,0,Noch nie
486,8e7fcb78c4d8423b8cb98e2ca37a2ba6,2019-08-18 15:56:32,77,100,83,87,weiblich,37,0,17,0,Ein mal
487,96cca404a77e4b20b88ddb7ff67d12d6,2019-08-18 15:56:53,38,31,33,50,männlich,49,0,30,0,Ein mal
488,0b89e59e30f540648963360570123804,2019-08-18 15:59:37,50,50,50,50,männlich,6,0,0,0,Ein mal
489,fe92dd8799cd4fbfafe05acd32c9d715,2019-08-18 16:02:09,63,72,85,89,männlich,11,0,1,0,Noch nie
490,9c0cd01601fa49648d094e9a2392a5f6,2019-08-18 16:03:27,62,77,46,99,männlich,13,0,13,5,unter 10
491,ec56b45f9939498fa0f3cb53a856b1d4,2019-08-18 16:06:28,70,65,87,90,männlich,11,0,0,0,Ein mal
492,c34005e8000645ca929392852017eed8,2019-08-18 16:07:18,100,100,100,39,männlich,12,0,0,3,unter 10
493,f4c9ed59a93e49ed99f594ed2f206b4a,2019-08-18 16:09:56,91,92,90,100,männlich,50,0,30,1,unter 10
494,6cdb92fe3b6440548ee647bc111a7470,2019-08-18 16:10:44,55,95,100,91,weiblich,14,0,0,0,unter 10
495,49183308abaf4db79357b38b66092e94,2019-08-18 16:14:39,50,50,50,50,männlich,9,0,0,0,Noch nie
496,7b9aa60a15b24e5aa2c2fd925d7b27b6,2019-08-18 16:16:47,92,85,65,89,weiblich,7,0,0,1,unter 10
497,9f1a506a297f4623849a7a937e2b539d,2019-08-18 16:17:03,50,50,50,50,weiblich,5,0,0,0,Noch nie
498,40281504332f4255bca057dbf4f0278c,2019-08-18 16:20:04,100,100,100,100,männlich,12,0,0,5,mehr als 10 mal
499,6010735f817341ff8850095d2d900564,2019-08-18 16:20:14,100,50,72,100,männlich,5,0,0,0,Noch nie
500,9181558ffe2c4985b8498db69335d176,2019-08-18 16:24:03,50,100,50,100,weiblich,35,0,29,0,Ein mal
501,5beae63980f149719cf1b00abbe2c35a,2019-08-18 16:24:04,100,89,64,100,männlich,10,0,0,2,unter 10
502,0944975481f04e2098aa482531d8ad04,2019-08-18 16:26:32,50,50,92,74,weiblich,49,0,30,0,Ein mal
503,b2e3b832c60c442c874221ccd05bc24c,2019-08-18 16:27:53,100,91,100,100,weiblich,11,1,0,0,unter 10
504,485098fa76664f02afff022f89d7bc85,2019-08-18 16:31:45,77,100,100,100,männlich,52,0,34,0,Ein mal
505,519545a338b94189a3449e6cfa2c33a9,2019-08-18 16:35:20,75,88,50,68,männlich,30,0,12,0,unter 10
506,a1c60fd402e34b0dacadb27922c80c4b,2019-08-18 16:37:28,0,0,0,0,keine Angabe,15,0,0,99,mehr als 10 mal
507,80db9fba345048edbdc103ebc3b912a5,2019-08-18 16:39:04,68,95,76,41,männlich,14,1,0,14,unter 10
508,70422d1c0ebb4476b924a24554359fe4,2019-08-18 16:40:39,30,77,100,40,intersex,15,0,0,0,unter 10
509,1706f2c10dab44ae8e2f46dd35e2e3dc,2019-08-18 16:42:29,0,0,28,39,keine Angabe,13,0,0,0,Noch nie
510,cf9f7594f5f143cc96debfcc600ddc0f,2019-08-18 16:44:19,0,10,27,40,weiblich,22,1,4,0,Noch nie
511,ef3093157d2c48d8b8f10ed7df6922a3,2019-08-18 16:46:14,50,86,89,35,intersex,18,0,9,12,mehr als 10 mal
512,9f99a136b2584fb38ac9aec46e77c91f,2019-08-18 16:48:19,50,50,33,39,männlich,28,0,10,0,unter 10
513,65d83f7f3d7f449c8e6f922a7dd8a618,2019-08-18 16:50:17,65,70,62,71,männlich,11,0,0,4,unter 10
514,95e5b1706e5a41f5b6e02cb2568ab9ec,2019-08-18 16:52:17,29,66,76,82,männlich,11,0,0,9,unter 10
515,8e34bb3dc7a44ec88ba5ab5ec232b9af,2019-08-18 16:54:28,18,0,51,26,weiblich,37,0,15,0,Noch nie
516,067fe078e5f4464ab85c658cc7921e0a,2019-08-18 16:57:46,100,100,59,97,männlich,11,0,0,10,unter 10
517,1acfc1971895497caca18af312a185be,2019-08-18 16:58:21,60,100,51,43,männlich,9,0,0,10,Noch nie
518,2dd223cb72354eb5b1ea420ab79978a0,2019-08-18 17:01:13,0,0,100,0,männlich,17,0,1,0,unter 10
519,5e9bd2efba704ec8b90c53128e45592d,2019-08-18 17:01:49,0,0,0,0,weiblich,5,0,5,5,Noch nie
520,544788c939a2492992ff412373d27e7c,2019-08-18 17:04:51,4,0,100,100,männlich,23,0,6,0,unter 10
521,9e6a2720b1134fc0b612f13313131302,2019-08-18 17:05:11,0,0,0,0,weiblich,10,0,0,0,Ein mal
522,46075fc270614ac48aac35def5b7dc63,2019-08-18 17:09:00,100,100,50,50,männlich,13,0,0,15,unter 10
523,94d0a1e09648422ea0f6f5228bdad284,2019-08-18 17:09:24,50,52,50,45,weiblich,77,0,0,0,Noch nie
524,c2bffb6da68a4b4cbaf9a0a60fccf958,2019-08-18 17:12:23,50,79,50,50,weiblich,19,0,2,0,unter 10
525,ec0b21c07ac0446a9fe365946cd3b35d,2019-08-18 17:13:26,0,0,0,25,keine Angabe,10,0,0,0,unter 10
526,6878d976302e47f088d0e586e67f0ad7,2019-08-18 17:15:51,82,63,100,100,weiblich,47,0,29,1,mehr als 10 mal
527,c78f6e0cceb64bd9bb029f45c8c8d643,2019-08-18 17:17:12,0,0,0,100,weiblich,9,0,0,0,unter 10
528,618d266689e74f389defc9bf668f497f,2019-08-18 17:19:26,100,100,100,100,intersex,15,0,5,1,mehr als 10 mal
529,acc217d032564ee9a256a4f85ec30fed,2019-08-18 17:22:43,73,31,99,100,weiblich,53,0,34,0,Noch nie
530,e2be487b3f044aa79e7ee381ad6e91a9,2019-08-18 17:24:46,100,69,100,84,männlich,29,0,9,0,Noch nie
531,b50c432a08284636b1935af7f97a4ca0,2019-08-18 17:26:23,80,75,100,100,männlich,14,0,0,8,unter 10
532,0d6cbad78f8e459585a5a9ad9d564e68,2019-08-18 17:27:56,57,50,53,96,weiblich,40,0,0,0,Noch nie
533,364f29b1f4e149f2b62be8f6c116297e,2019-08-18 17:30:16,50,81,100,85,weiblich,47,0,23,4,Noch nie
534,c1ffc8f69f064495890b0caf4ded1ed9,2019-08-18 17:31:18,100,50,50,50,weiblich,21,0,0,0,Noch nie
535,0aad5231211445faa67563557bf2d917,2019-08-18 17:34:11,45,50,30,40,weiblich,47,0,20,2,Noch nie
536,3eaa01221fbd4a5381b1bc3b712c828e,2019-08-18 17:34:29,50,50,50,50,weiblich,6,0,0,0,Noch nie
537,15370249b94c4c608af8e291bae3d858,2019-08-18 17:38:13,61,80,50,100,keine Angabe,8,0,0,2,unter 10
538,b8c58e9c513f4bb79745dcaccd39046f,2019-08-18 17:38:13,50,75,50,50,männlich,34,0,15,0,unter 10
539,2b018f3d86e0496993a8d2b442b076bc,2019-08-18 17:42:19,37,42,41,58,weiblich,18,0,2,2,Noch nie
540,0465ef705d49403ebb7e89545c330274,2019-08-18 17:42:25,72,57,100,100,männlich,8,0,0,0,Ein mal
541,35e49e9e8d6e449c85e8bf33a487866a,2019-08-18 17:45:53,100,50,100,100,männlich,18,0,0,15,Noch nie
542,efeb318a458340309f6a9ea4c64330d6,2019-08-18 17:45:53,2,100,50,100,männlich,5,0,0,0,Ein mal
543,6485245cc53a47eb823533209e019208,2019-08-18 17:49:04,100,100,100,100,männlich,35,0,15,0,Ein mal
544,50e5cc4ea2044428994c7d7edd110426,2019-08-18 17:52:19,100,100,100,100,männlich,12,0,0,15,unter 10
545,e610f7ea45704aeb8548b4febc7fbd28,2019-08-18 17:55:54,100,100,100,100,männlich,11,0,0,10,unter 10
546,90660bab56804ec4866af98a2b5c5b74,2019-08-18 17:56:55,100,100,100,100,männlich,10,1,0,12,Noch nie
547,98b95d75996b4c48ad93461fc3339a37,2019-08-18 18:00:29,76,77,85,21,weiblich,7,0,0,0,Ein mal
548,12d974ed40214d3a8a448452ecc4570c,2019-08-18 18:01:22,76,81,100,100,männlich,10,0,0,7,mehr als 10 mal
549,d035598b97d944d68ad9c9f5b91f99b3,2019-08-18 18:03:52,23,50,27,71,weiblich,46,0,25,2,Ein mal
550,a498ddae4fa2488d86feb8f316987947,2019-08-18 18:08:17,87,77,80,86,männlich,44,0,15,2,unter 10
551,028ef1a60fef4cf092e31cf9b46c1c8f,2019-08-18 18:09:15,100,100,100,100,männlich,10,0,0,4,Ein mal
552,bcba45d387804f0eba4f6536f2613baa,2019-08-18 18:11:10,50,50,50,50,weiblich,10,1,2,55,unter 10
553,98472d255dcf4fc386f3234c20e51d8b,2019-08-18 18:11:39,100,0,0,71,keine Angabe,7,0,0,2,Ein mal
554,7f06e9b46cf14929817d75d835c42c6d,2019-08-18 18:13:48,50,50,50,100,männlich,13,0,0,10,Noch nie
555,5bd7306d975548408b6935aae13ae893,2019-08-18 18:15:45,96,50,100,50,weiblich,13,0,0,0,mehr als 10 mal
556,1f045db4ae244d3c9a79426857df5b9f,2019-08-18 18:17:13,100,100,100,100,männlich,4,0,0,0,Noch nie
557,1e18391f6d9341e282d4d9439947c9ad,2019-08-18 18:21:19,100,100,100,100,männlich,4,0,2,0,Noch nie
558,421890facf5f46ceb5a4f8bffe780c63,2019-08-18 18:22:20,50,50,51,51,weiblich,40,0,22,0,Ein mal
559,ff5a1e02d3974f4888eada70c5c1d32f,2019-08-18 18:24:30,50,50,100,50,weiblich,55,1,2,2,Ein mal
560,55025471f2e448b0a91e7cd2b515d259,2019-08-18 18:26:43,50,50,50,50,weiblich,2,1,3,3,unter 10
561,abe505c5ec4a4ddb8442b50f47c8d6e2,2019-08-18 18:27:57,50,50,50,50,weiblich,9,0,0,6,Ein mal
562,4ea5967f3a044913a979a4e42683be0f,2019-08-18 18:29:10,50,50,50,53,intersex,5,1,2,3,Ein mal
563,28396997c9a040d68a01f667a0369bce,2019-08-18 18:31:21,50,50,50,50,weiblich,2,1,2,2,Ein mal
564,4f4f520961a3431e9d2f535a6b72a7c9,2019-08-18 18:34:04,50,50,50,50,weiblich,58,0,33,3,mehr als 10 mal
565,1e23c8d694a54055b5107d3930fe1c0e,2019-08-18 18:48:12,10,17,19,13,weiblich,33,0,18,0,Noch nie
566,17d8299dd6474e5b9775926438ee9b19,2019-08-18 19:15:55,71,100,91,100,keine Angabe,27,0,0,10,Noch nie
567,c6346e33396d49d3a0091b8767fdfb6f,2019-08-18 19:16:11,64,65,22,40,keine Angabe,25,1,5,0,Noch nie
568,d52aab737f5148618f5ecc82d1bcd759,2019-08-19 11:49:25,15,48,100,100,männlich,19,0,3,10,Ein mal
569,bdceb4640eaf4d2ba0d44921ae2f64b3,2019-08-19 16:30:23,51,34,50,79,weiblich,69,0,50,0,Noch nie
570,bdeeea15e5e348fab11fa7bdf71346fe,2019-08-19 16:30:38,50,50,71,96,männlich,73,0,55,0,unter 10
571,8014961a4d9444d3b8484ad57c484c4f,2019-08-20 12:42:13,63,58,38,40,männlich,54,1,35,0,Noch nie
572,471a653b632f412bad50abc2fc5b32c8,2019-08-20 15:53:21,82,50,75,80,männlich,47,0,30,0,Ein mal
573,3833689cbc28450b8538d61e1071a111,2019-08-20 15:56:55,50,85,73,100,männlich,59,0,41,0,Noch nie
574,28080c0488b04f588eb0685e874ee430,2019-08-20 15:59:42,34,34,49,65,weiblich,16,0,0,15,unter 10
575,658b95f38ea345ee9620d04f6c57cdcd,2019-08-20 16:00:58,50,50,50,75,weiblich,35,0,0,0,Ein mal
576,e9e85c8cacf84faabd9e89e0482b1a5d,2019-08-20 16:03:15,50,50,50,50,intersex,35,1,6,5,Noch nie
577,d901804d2c3648ddacfeeeb3c2c430d1,2019-08-20 16:05:16,64,52,50,68,männlich,57,0,40,0,Noch nie
578,3ae18e1705fc484f8753cee419c739cb,2019-08-20 16:10:17,50,50,50,50,männlich,80,0,63,0,unter 10
579,d247e3b7f15045bea547951139d7a789,2019-08-20 16:15:52,11,31,60,50,männlich,35,0,18,8,unter 10
580,98f9f60e6b124a328c73fdd69e34fce5,2019-08-20 16:17:49,0,50,76,33,männlich,33,1,6,6,Noch nie
581,3de08b9947024e85954139bdc05f3618,2019-08-21 10:33:44,100,100,100,75,weiblich,28,0,11,0,Ein mal
582,25f8c5aaa5d842659720b91026f16f73,2019-08-21 10:33:47,100,100,92,94,männlich,28,0,11,4,unter 10
583,13739e0c68054e4dbee75302e4ddfb6a,2019-08-21 10:58:46,89,77,64,91,weiblich,66,1,42,0,Noch nie
584,ed6e9e08f95c4b7db52bb249500bc8cc,2019-08-21 13:23:44,87,50,73,100,männlich,7,0,0,3,Ein mal
585,36c6d94fe3774bb99bef7cba73cdbf0e,2019-08-21 13:37:03,67,60,50,100,männlich,7,0,0,3,Ein mal
586,daf051154ff3495e85fae87613e67e0b,2019-08-23 12:52:21,50,50,80,70,weiblich,39,1,22,0,unter 10
587,0b4546ffa7084c5ab97b1813f839b83e,2019-08-23 12:53:24,25,40,35,51,weiblich,43,0,24,0,Noch nie
588,93ad4f6287aa42a38076acba037f5f59,2019-08-26 13:14:27,100,100,100,100,männlich,24,1,4,1,mehr als 10 mal
589,7a90c221c7114fbba4186043498c1758,2019-08-26 13:15:45,88,75,82,72,männlich,29,1,11,0,unter 10
590,29888cb57a0a4aa0a67c38add39ae351,2019-08-26 13:18:46,50,100,31,20,weiblich,20,1,2,0,Noch nie
591,a0b5d750096548ebad48f32661e96e09,2019-08-26 13:24:28,100,100,100,100,männlich,42,0,24,0,mehr als 10 mal
592,0d2071a735e545da96a32a47e10e2540,2019-08-26 14:13:04,97,100,100,100,weiblich,24,0,7,0,unter 10
593,2370a3046ab648599df694afbc6a63bb,2019-08-27 13:30:54,100,75,100,100,männlich,45,1,5,4,unter 10
594,1a467b9d3d734213a27faedfe4bebfdd,2019-08-27 14:48:52,98,50,50,50,männlich,37,0,20,2,unter 10
595,959314b5a8d943508cc33e18f4e959a5,2019-08-27 14:54:45,82,58,100,71,weiblich,34,0,4,0,mehr als 10 mal
596,02d9904659c348dea5f398e2b3a2fdbe,2019-08-28 10:59:34,50,50,0,24,intersex,2,1,1,69,Noch nie
597,b9609c2cce3f4cb48e2079fa2a49d894,2019-08-28 11:02:37,100,100,0,0,intersex,80,1,0,99,Noch nie
598,ea297339251a4c649463b71f19aa69fa,2019-08-28 11:04:31,50,100,100,100,weiblich,8,0,8,0,Noch nie
599,5273562f084d49dc91fa83ce912f1cee,2019-08-28 11:07:58,100,100,100,100,männlich,18,0,1,5,unter 10
600,6214695d517b4ac1a7d4389217af0ff4,2019-08-28 19:25:01,8,50,12,71,weiblich,36,0,18,0,Noch nie
601,6c7e8dd9799d4e3f8dba1a534606cefd,2019-08-29 11:32:35,21,33,11,45,weiblich,49,0,30,0,Noch nie
602,d0f21dd3e32642b09d3a8a95606aca56,2019-08-29 14:41:41,16,24,16,50,weiblich,55,0,2,0,unter 10
603,3ad5f1ad3b914711b573cd40417d5935,2019-08-30 09:10:27,50,0,86,77,männlich,36,0,17,3,Noch nie
604,666d8d5436b14696a78c6ee8cd6e590d,2019-08-30 09:32:34,100,100,100,81,männlich,38,0,17,0,Noch nie
605,5f0cda8223f74319834d06be73221c11,2019-08-30 09:45:52,50,17,20,61,männlich,54,0,36,0,Ein mal
606,e85bcd968ef24701b7ae6fbcf9a310b0,2019-08-30 10:07:44,99,99,100,100,männlich,37,0,20,5,unter 10
607,888e823aee4248d79412f058b062ee6a,2019-08-30 10:07:55,100,98,50,96,männlich,50,1,32,2,Ein mal
608,3f9740345ef94afea1e1f9f9f04e839c,2019-08-30 13:46:18,100,100,100,100,männlich,32,0,14,0,Noch nie
609,d1c14c8fa7b44d1c9647635a5f7a8b8a,2019-08-31 14:24:37,100,100,100,100,männlich,56,0,40,1,Ein mal
610,8ce2ded9f25e452199d757194af5f672,2019-08-31 15:52:58,75,100,42,66,männlich,18,0,1,2,unter 10
611,dd90f0b28cdd49e8a7037b77df2f4862,2019-08-31 15:54:14,25,100,81,60,männlich,15,0,0,0,Ein mal
612,305aef4355de4c71b4a1a0ff2d7f6d49,2019-08-31 16:03:39,15,6,10,4,weiblich,53,1,33,0,Noch nie
613,455c8587c7484cd6ae32eb6a7a3e6228,2019-09-02 09:50:16,91,100,100,100,männlich,48,0,30,0,Ein mal
614,19a0e2ad2c454f699c780613d233d19b,2019-09-02 09:50:17,65,72,35,50,männlich,44,0,25,1,Ein mal
615,06f5620732564a2aad8fcf2d01d8f235,2019-09-02 11:36:30,0,0,57,0,weiblich,10,0,0,5,unter 10
616,1b58458fd4b144f5b044acbc4e770dc7,2019-09-02 12:16:20,27,25,56,62,weiblich,36,1,17,1,Ein mal
617,fa891b94c0a34444bfc37ee9a3648899,2019-09-02 12:16:30,75,100,87,100,weiblich,69,0,50,1,Ein mal
618,f2b2024cbf0845bfae9a1e6fcb93ea3b,2019-09-02 13:59:52,100,100,100,100,männlich,25,0,5,0,Ein mal
619,78dd042c513c49dbbedecceeb6c25203,2019-09-02 15:28:22,79,50,50,78,weiblich,38,1,0,0,Ein mal
620,a74fb175c4d4480abadf50f34f439f5b,2019-09-02 15:31:08,100,72,68,23,männlich,34,0,14,0,unter 10
621,ba32de676f9b4722b4679e78e8526913,2019-09-02 15:32:01,73,77,62,100,männlich,37,0,19,0,unter 10
622,53b2477e533e4240b41ebcb1843217ef,2019-09-03 11:35:58,80,100,100,80,männlich,16,0,0,14,unter 10
623,776e489f33644e2e9fa8e27ca0ac8654,2019-09-03 11:36:34,71,100,100,91,intersex,18,1,15,57,mehr als 10 mal
624,f0ed5b3b466149428557112c4d664c5f,2019-09-03 11:39:59,100,100,100,100,weiblich,15,0,0,0,Ein mal
625,c82234cbddfa46658a5b3f7945b6381a,2019-09-03 11:40:27,0,3,99,49,weiblich,42,0,24,0,Noch nie
626,9a90ec73c8124bdda12c058bd8e33c8e,2019-09-03 11:44:23,51,100,70,50,männlich,15,0,0,0,Ein mal
627,8ea094e685254891bd3dd464c592fb77,2019-09-03 11:45:09,75,79,100,75,weiblich,15,0,15,0,Ein mal
628,0d2bc89774524903a2448519e08edeb6,2019-09-03 11:49:42,100,100,93,98,männlich,16,0,0,14,unter 10
629,d4579ab7bb92407ea15b57fcdf3888ed,2019-09-03 11:50:14,0,0,0,0,männlich,45,0,27,0,Noch nie
630,1071b75c95d74896af8f7b7ef66c900b,2019-09-03 12:01:26,89,8,100,100,männlich,40,0,22,0,Noch nie
631,5e35fbd5d0ed40489b4493e8f4c061c3,2019-09-03 12:02:14,100,100,100,100,männlich,50,0,40,0,unter 10
632,9b1454779e764655a0ed590c175e7bef,2019-09-03 12:50:40,85,86,80,90,männlich,62,0,40,4,mehr als 10 mal
633,e4321437ef09452988310ba78e101fc5,2019-09-03 13:42:07,50,50,50,50,männlich,68,0,50,1,Noch nie
634,98c8de39817c426ba80af7120a9a57e1,2019-09-03 13:45:28,50,51,49,50,männlich,68,0,55,0,Noch nie
635,adf839a1437a4d73b25557ca31a22f1a,2019-09-03 14:13:02,100,100,100,100,männlich,59,0,41,0,Noch nie
636,475eafbe311a42b18a0a9b897af7d355,2019-09-03 14:13:32,50,0,0,54,weiblich,55,1,37,0,Noch nie
637,8cedded7b067497ebcc38c5be674bb74,2019-09-03 14:18:29,23,30,94,57,männlich,58,0,39,2,Noch nie
638,b46a1b2f4327405aaa9f9cd5a88e4252,2019-09-03 14:27:58,71,77,73,88,männlich,59,0,40,8,Ein mal
639,1fcd5dc022b741dcac836ee5959d839e,2019-09-03 16:43:09,90,100,79,73,männlich,28,0,10,0,unter 10
640,9a778fdb2b80485fb7785e5ab90ea7fd,2019-09-04 10:51:27,70,15,71,25,männlich,56,0,38,0,mehr als 10 mal
641,539a4134fde84062bef48e23b9bdaf5b,2019-09-04 11:46:03,90,90,100,50,männlich,69,0,41,0,Ein mal
642,db4c4b21498049509d68d28cda2286ef,2019-09-04 11:46:54,93,88,100,73,weiblich,70,0,51,0,unter 10
643,b29e9a3ff4d8493e92282051608e7f4a,2019-09-04 11:53:13,31,73,50,93,weiblich,56,0,38,0,Noch nie
644,d4edce9f0c5e458486a239723c93753d,2019-09-04 12:20:03,65,59,46,38,weiblich,62,0,40,0,unter 10
645,9c71f5003ca344f886ec5db3fcc7d881,2019-09-04 12:20:15,81,100,17,76,männlich,59,0,40,2,Ein mal
646,f14ffafb670140ceb534da645ac5e9bc,2019-09-04 14:08:41,90,83,93,73,männlich,58,0,40,0,Noch nie
647,85a698f756c2401ba3592f661ae09a92,2019-09-04 14:10:31,100,100,100,87,männlich,60,0,42,0,unter 10
648,3ad808b66c7f4ccab8ff5f809f87c289,2019-09-04 14:56:49,50,64,50,40,männlich,21,0,4,7,mehr als 10 mal
649,cacae204e83d46cf8f92c4560d300c4d,2019-09-05 12:06:56,28,90,75,75,männlich,73,0,55,0,Noch nie
650,d56e7bcf14cb462ead5078f15ca14084,2019-09-05 13:29:25,81,86,87,91,weiblich,38,0,20,0,unter 10
651,13b17a2c1456409f8b8fe4fc9563ac0a,2019-09-05 13:29:28,24,50,27,31,weiblich,40,0,21,0,unter 10
652,81b7752d6d104a0e8a59669c83eb0b57,2019-09-05 14:20:38,50,75,50,33,männlich,15,1,0,10,unter 10
653,c24ebb2123404c56b19689abdf4a48fd,2019-09-05 14:21:02,77,14,73,86,männlich,42,0,20,1,unter 10
654,42d27da17f6b4a509a89e9e68d5d67de,2019-09-05 14:25:52,18,74,35,68,männlich,42,0,25,1,unter 10
655,a816d01bc549456bb541a89cc1615bf7,2019-09-05 14:28:20,93,97,98,96,männlich,5,0,0,10,unter 10
656,f0980d2a6ae848fe85951cbae2b24287,2019-09-05 14:29:59,17,22,32,84,männlich,42,0,25,1,unter 10
657,5dc03a46e0fe48749ccbe64be73c5971,2019-09-05 15:01:45,70,80,90,90,männlich,58,1,3,3,Noch nie
658,d91c6926b30046948400f878c583aa9b,2019-09-05 15:09:18,7,13,50,23,männlich,76,0,50,0,Noch nie
659,856228d310404aa2854beb02c17db311,2019-09-05 16:45:36,62,73,79,82,weiblich,58,0,35,0,Ein mal
660,5ebc729ce03b48b592e8a1852650da87,2019-09-06 09:14:43,79,84,89,95,männlich,49,0,30,0,Noch nie
661,117de0f1eaae474f902f06bd3b3c4944,2019-09-06 09:15:21,37,60,65,62,männlich,45,0,25,0,Noch nie
662,98bd1406caf340bfa1443d57e17ba974,2019-09-06 09:18:36,10,31,12,50,weiblich,46,1,20,0,Ein mal
663,b8925ca79e8f4c2a95989b569363de26,2019-09-06 09:36:01,84,73,86,65,männlich,40,0,20,0,unter 10
664,b50deef68ed54c3eb292a281f489481d,2019-09-06 10:09:44,92,96,75,50,männlich,65,0,45,0,Noch nie
665,c8ad042c15084431bbb7fd9120883518,2019-09-06 10:17:18,32,50,73,78,männlich,70,0,52,1,unter 10
666,3b55a5e41aeb40cdaf73b67994b77ecf,2019-09-06 10:18:57,51,51,49,96,weiblich,75,1,45,0,Noch nie
667,83dfb9e255874fcb94ae4905e8a52b99,2019-09-06 10:21:19,0,0,0,100,weiblich,71,0,53,0,Noch nie
668,7639f442a13b460b810cf035e3c866f3,2019-09-06 10:22:33,9,17,100,30,männlich,15,0,0,11,unter 10
669,8448e136fe824995adf35055e3884411,2019-09-06 10:25:30,0,0,6,29,weiblich,68,0,0,0,Noch nie
670,261ba84ac58e4450991c165dbb986888,2019-09-06 10:28:07,0,31,70,71,weiblich,75,0,55,0,Noch nie
671,24f7791115e9409d906c3f2780aba711,2019-09-06 10:30:16,100,100,100,67,männlich,70,0,52,0,Noch nie
672,6fdb25732d2f4131843a4fb3a8200e9d,2019-09-06 10:32:28,85,77,85,87,männlich,65,0,40,0,Noch nie
673,ef6969a343eb4bbea344336e2b0a511e,2019-09-06 11:51:13,77,95,78,34,weiblich,34,0,16,0,Ein mal
674,5bce6f6a923a4669a4690d30b4dcd2a1,2019-09-06 11:51:15,57,59,58,34,weiblich,46,0,30,0,Ein mal
675,fca949e4bc494778a9485ddb576a5918,2019-09-06 12:20:51,83,100,100,93,männlich,73,0,60,2,Noch nie
676,debdd71233434609883b0292e53ae247,2019-09-06 12:55:20,93,100,100,100,weiblich,10,0,0,1,Noch nie
677,9c28f04983b843a19c302f0586d53291,2019-09-06 12:58:56,50,50,50,50,weiblich,70,0,0,96,Ein mal
678,2161160ba5e240a49a2f3417eab0bbff,2019-09-06 13:03:58,98,100,100,50,männlich,80,0,30,1,Noch nie
679,f52fa5f1fcd048948d2bdaabc8a4685c,2019-09-06 16:41:52,67,73,82,88,weiblich,20,0,3,0,Noch nie
680,7b15db13a3d34353b32effc218cbaf38,2019-09-08 12:41:51,100,90,50,89,weiblich,64,1,40,0,Noch nie
681,14c0c68cf682424eb748151cf362e57f,2019-09-08 14:02:53,66,25,16,89,weiblich,19,0,0,0,Noch nie
682,06c7a894fdc64098b2226b29ced1ee2c,2019-09-08 14:03:14,99,50,50,100,männlich,11,1,0,4,unter 10
683,f1603b239e7147509d7887e398515076,2019-09-08 14:07:13,100,100,98,71,männlich,16,0,0,0,unter 10
684,aab227aef15d457e936c41060fe769e8,2019-09-08 14:08:13,80,88,70,100,männlich,8,0,0,2,Noch nie
685,b4c3303b4f664ba68f1e4bbedd1fa5cf,2019-09-08 16:41:23,98,100,80,100,männlich,8,0,0,2,unter 10
686,453b52ddd08d41cdb902bf35615b1ea1,2019-09-08 16:41:32,0,0,0,0,keine Angabe,0,1,0,0,Noch nie
687,5f446791968547a49d80b57ebb74e8d9,2019-09-08 16:43:29,50,50,50,50,keine Angabe,1,0,3,66,Noch nie
688,833c43c89d364149a23b5a56761cdc7f,2019-09-09 12:56:33,100,100,96,98,weiblich,55,0,8,0,unter 10
689,4f61e6726de24ff3a4f207fe4d7d1a02,2019-09-09 13:02:45,100,95,100,100,männlich,29,0,11,6,mehr als 10 mal
690,25339dc0a1b440ea9f856b74b0c679d2,2019-09-09 13:03:02,84,92,80,100,weiblich,26,1,8,0,unter 10
691,d01762f7245f4fee8c894c40c1fec261,2019-09-09 16:21:53,15,50,13,6,weiblich,36,0,18,0,Noch nie
692,de1b91bda5b146deab863831e030a0e5,2019-09-10 11:25:32,50,77,50,26,männlich,70,0,51,2,Noch nie
693,b5ae99584bc34bc59daea4795510048f,2019-09-10 13:18:06,19,2,19,48,männlich,68,0,50,0,unter 10
694,acb7b2674b3449798b9ffed2653f32a7,2019-09-10 14:10:45,0,100,100,100,männlich,59,0,38,1,Ein mal
695,69504c4f231a40baa0ecfb1b6330ae33,2019-09-10 16:08:08,40,40,42,64,männlich,73,0,60,0,Noch nie
696,f1cae4de81874940842b70793eb9e352,2019-09-10 16:10:46,14,50,53,63,männlich,69,1,50,0,Noch nie
697,d138fcf68a3a4484b1433aa15a9a13e4,2019-09-10 16:15:39,99,50,50,99,männlich,73,0,55,0,Noch nie
698,10a2ae4f7e0344228584a036eb5699c9,2019-09-10 16:17:40,100,100,100,86,männlich,64,0,45,0,Noch nie
699,5ff74fe71e8c4fb49a34e68eca71a0bc,2019-09-10 16:47:15,92,50,99,99,männlich,71,0,45,0,Ein mal
700,fa0f640431df47879f58152a97bca1c4,2019-09-11 11:53:14,56,44,64,58,weiblich,48,0,30,0,Ein mal
701,4880b36f4a584968ba97cafe95327681,2019-09-11 12:54:37,50,100,50,100,männlich,16,1,0,8,Noch nie
702,9f4615e1073b47869267749c1bad89da,2019-09-11 13:04:53,100,81,81,86,keine Angabe,0,1,0,80,mehr als 10 mal
703,19c206ff16f64560ab66b9903b712c27,2019-09-11 13:05:58,50,100,100,0,intersex,15,1,25,1,mehr als 10 mal
704,dcd34a64a313495b89f1c44d201564b2,2019-09-11 13:07:48,33,49,66,31,weiblich,15,0,0,0,Noch nie
705,55863ecffa21427992c2d94827ea3979,2019-09-11 13:09:18,50,50,50,50,weiblich,55,0,0,8,Noch nie
706,cc88e1dcf01c441487e691e8efc0c1e4,2019-09-11 13:10:32,100,100,100,100,intersex,1,1,0,99,Noch nie
707,d95a4d6c3bfd48ba8c3982ff1546bc87,2019-09-12 13:14:25,74,25,71,36,männlich,62,0,50,0,unter 10
708,0916153d81444451b29883434917f35e,2019-09-13 09:09:14,100,88,82,86,männlich,64,0,45,0,unter 10
709,ffab117097734cf7a06852f0beab0cc2,2019-09-13 09:26:10,100,100,74,10,männlich,52,0,45,99,Ein mal
710,3699017c3a5c41fbb379c12a68f1cbeb,2019-09-13 09:43:54,50,50,50,50,männlich,29,1,11,0,Noch nie
711,a69fdc72a3c24096bd8e8428129e1b11,2019-09-13 13:47:26,64,57,100,70,männlich,19,0,3,0,mehr als 10 mal
712,6397287cb2bd4dd4980136ffe8f41378,2019-09-13 13:48:03,60,70,89,70,männlich,20,1,2,1,Ein mal
713,e2c1692e13694f4fba27daefa7c1af4a,2019-09-13 14:30:20,80,100,92,100,weiblich,21,0,4,0,unter 10
714,8088350de62849eb8774756bdcd46733,2019-09-13 14:33:51,36,62,50,38,keine Angabe,23,0,2,0,mehr als 10 mal
715,4073dd84b96543f89680a5c62ebcf77d,2019-09-13 14:38:28,100,88,100,80,männlich,23,0,4,2,mehr als 10 mal
716,76973cb1226d433c92cee2b401d5644a,2019-09-13 14:39:49,4,0,4,50,intersex,53,0,33,0,mehr als 10 mal
717,af9e0fa97dea4ef1b19bac3582887c59,2019-09-13 14:43:39,100,100,100,100,männlich,61,0,43,0,Noch nie
718,f7c64506bd4d4d3ab283fedadc73f58f,2019-09-13 16:47:28,100,100,88,79,männlich,18,0,0,1,unter 10
719,aeb9ca2fa0464d608b2dcb10c470a1c2,2019-09-13 16:52:54,100,100,50,100,weiblich,60,0,40,0,unter 10
720,4f2b646a504942af997c51d8d569609e,2019-09-16 11:07:31,100,100,100,100,männlich,27,0,9,20,unter 10
721,4466c0343f914631b8550a9ed5324efe,2019-09-16 11:11:48,95,75,50,88,intersex,17,0,2,7,Ein mal
722,f9a626e2d1654eda99a725a331b959d1,2019-09-16 11:13:20,100,85,91,72,männlich,17,0,1,5,unter 10
723,cd8806b5d8c54c1d9778e5881865d6ec,2019-09-16 11:17:08,100,100,100,100,männlich,26,0,9,0,unter 10
724,7f17960114e843c09befcfe6e7debbe7,2019-09-16 12:03:53,14,23,0,26,männlich,48,0,30,0,Ein mal
725,bfbbfe2bb037453ba0188980b02a87e9,2019-09-16 12:09:44,75,85,55,50,männlich,55,0,35,0,mehr als 10 mal
726,3110bad1535e4215b315aef67d6817bf,2019-09-16 12:20:05,100,95,100,95,männlich,26,0,8,0,unter 10
727,71f9825452ea41d3a2e2f500bb43e322,2019-09-16 14:07:30,81,88,61,100,weiblich,62,0,45,0,Noch nie
728,d992960cf2654743a7cb346231dcff69,2019-09-16 14:53:55,100,92,96,100,männlich,62,0,35,0,Ein mal
729,b11d6d519f814a438e2a3f6c5b157655,2019-09-16 15:00:48,80,70,90,92,weiblich,57,0,35,0,Noch nie
730,d7f1ecf64a234865b8d713743f65fbf0,2019-09-17 10:17:11,50,100,100,38,männlich,15,0,0,0,Ein mal
731,8180b800c6154b54bd768c1bba100679,2019-09-17 10:17:38,42,72,50,63,männlich,15,1,2,5,Ein mal
732,a54fdf6e0cb94f259abfc5ea10281a0c,2019-09-17 10:19:56,19,78,82,35,intersex,42,1,51,25,Ein mal
733,06d4b96159764c66aa6202051afe2562,2019-09-17 10:20:13,87,56,30,20,weiblich,15,1,0,0,Ein mal
734,5696e67185174651ad620bd8c9d3272c,2019-09-17 10:22:40,50,50,50,100,männlich,15,0,0,4,Ein mal
735,af6eb9fe68cb4cb6884c5cf55c491215,2019-09-17 10:30:07,50,50,50,70,männlich,44,0,18,2,unter 10
736,6e2b0392dfeb42e1adeeb789e8e51daa,2019-09-17 10:30:56,50,15,11,78,weiblich,44,0,0,5,unter 10
737,e139472cea5842f0921361fa98fb2ee9,2019-09-17 11:10:31,50,50,50,55,keine Angabe,5,0,88,56,mehr als 10 mal
738,12e628f689394824adc6aa668fcbce32,2019-09-17 11:12:01,50,50,50,100,männlich,15,0,12,80,mehr als 10 mal
739,ec04619064ee4fec9b6f72d9eefc228d,2019-09-17 11:14:34,100,100,100,100,männlich,88,0,88,88,unter 10
740,13efc9ef9be6451fa9b12501fd20e5ab,2019-09-17 11:15:22,100,50,100,0,männlich,17,0,0,5,mehr als 10 mal
741,f48a8201ce2a4d67bb881e18cd6f44ed,2019-09-17 11:18:00,100,100,100,50,männlich,15,0,0,10,Ein mal
742,7d2488bacaab4c899bc5e8ee76c804c0,2019-09-17 11:19:57,100,100,50,50,intersex,15,1,1,6,mehr als 10 mal
743,cc7ce0a24ca549c397dbc32bbba5d446,2019-09-17 11:21:31,100,100,100,100,männlich,15,0,0,10,Ein mal
744,c467255891284063ad7d26029e4bc75d,2019-09-17 11:24:44,100,89,100,100,männlich,9,0,0,2,unter 10
745,6e2fe32871f84d3fb8e052642686e64d,2019-09-17 11:25:33,48,23,26,52,weiblich,43,0,25,0,Noch nie
746,34bdafc7d7e54277b2bcec1c5cc524e1,2019-09-17 11:27:04,100,100,100,57,männlich,15,0,0,15,mehr als 10 mal
747,b0eb51ff4d6e437e91fa3cf87a00cb01,2019-09-17 11:29:32,100,100,100,100,männlich,16,0,2,20,unter 10
748,788b579bdbaa47338700cbe08c4d799a,2019-09-17 11:30:48,0,0,100,0,intersex,88,0,88,88,mehr als 10 mal
749,5d4c08bd2eed41f6b54a5babb1dc3d15,2019-09-17 11:33:24,100,100,100,100,männlich,15,1,0,8,unter 10
750,33aad4a18d094d1c832f5bb669e5fa74,2019-09-17 11:34:21,100,100,100,100,männlich,16,0,1,5,unter 10
751,81509585c0124b9daae33f48a98d230c,2019-09-17 11:36:39,79,100,72,76,keine Angabe,16,0,0,20,mehr als 10 mal
752,38857802c830486c9791f1a45a0b3db4,2019-09-17 11:39:42,100,100,100,100,keine Angabe,17,1,61,54,mehr als 10 mal
753,355eb400008143dfb6e55ac113f81e87,2019-09-17 12:20:03,50,60,38,44,männlich,34,0,16,2,unter 10
754,7ad573424e4c44f9999bcb647d4b6c35,2019-09-17 12:23:52,16,85,36,85,männlich,53,0,33,0,unter 10
755,89e475f0a7ef44faa4fc314a263205d7,2019-09-17 12:31:16,22,54,50,65,männlich,77,0,60,0,Noch nie
756,6e133027aa7e420f8b04f15fe2baac5d,2019-09-17 12:35:56,50,50,50,50,weiblich,77,0,60,0,Noch nie
757,285756bfaf84464f82f8861de99f7ac6,2019-09-17 13:09:15,85,100,83,90,männlich,14,0,0,6,Ein mal
758,b118b258892e41a8b7429fe64624a412,2019-09-17 13:10:14,100,50,50,50,männlich,14,1,2,3,Ein mal
759,f335b2cb917a455b9ee22ee898e5dfe1,2019-09-17 13:12:26,50,50,50,28,keine Angabe,41,1,3,6,mehr als 10 mal
760,e8a8f399f0194ea2a7f2c30c1e67e195,2019-09-17 13:12:33,50,50,50,100,weiblich,14,1,9,3,mehr als 10 mal
761,79265ddb27434f1e95d117ebd9410c45,2019-09-17 13:15:28,50,59,50,50,weiblich,15,0,0,4,Noch nie
762,7a8cda61edfd42c8b14f452f949b0943,2019-09-17 13:15:33,59,75,63,82,weiblich,14,0,0,0,unter 10
763,00a4dbf7bd084243a5ffa0f52dadff1d,2019-09-17 13:18:57,50,50,50,50,weiblich,14,1,14,3,Ein mal
764,4d4dcf5877d64a798feb2cf76ee6bbc2,2019-09-17 13:19:34,100,100,82,100,männlich,46,0,29,0,unter 10
765,f3032d80c3b34879a30bb647d1120acd,2019-09-17 13:22:12,100,100,100,100,weiblich,14,0,0,0,Ein mal
766,51b61afec1a14993a0b20fb9dd10bcab,2019-09-17 13:23:06,71,75,75,75,weiblich,14,0,0,0,unter 10
767,d99f3770a9b34389a07f1edddd3f0fce,2019-09-17 13:25:05,100,100,100,100,männlich,15,0,0,9,Ein mal
768,ab292336d3cc4d4ba82d7749f5c67508,2019-09-17 13:26:44,100,76,75,100,männlich,14,0,0,85,Noch nie
769,de5eebcbdd5b4b46bb5de10956740a72,2019-09-17 13:27:57,50,50,50,50,intersex,14,0,80,0,mehr als 10 mal
770,05a06dd1b9de4eff8c73b31574595015,2019-09-17 13:30:28,84,89,50,80,männlich,15,0,0,0,mehr als 10 mal
771,b8df720d1d5a4cdcbb037d542991f000,2019-09-17 13:30:54,50,79,50,50,weiblich,14,1,3,6,Ein mal
772,c5704b0b68be4f07b3f8a2788ac346fb,2019-09-17 13:33:55,50,50,50,50,männlich,14,0,0,6,Noch nie
773,ecfa5ed8ffe741a8b3214836d257ae4d,2019-09-17 13:33:56,50,17,50,50,weiblich,5,0,55,5,Ein mal
774,85d8182de6c1486d8855113f904ca1f2,2019-09-17 13:36:44,50,91,88,50,männlich,14,0,63,6,Ein mal
775,000966a73bce402d8d92ece7eb13e1f7,2019-09-17 13:37:15,50,50,50,68,weiblich,15,0,0,4,Ein mal
776,556ea327ae6c46a5b8b8265ed1b7858a,2019-09-17 13:39:21,50,70,50,50,männlich,14,0,0,6,Ein mal
777,998f996863c149b8ac6606f3177f721c,2019-09-17 13:40:21,50,100,100,100,weiblich,14,0,4,0,Ein mal
778,38f85cf75dd44e669632e651606881cc,2019-09-17 13:41:34,50,50,50,50,männlich,15,0,0,0,mehr als 10 mal
779,44154f5f8be940b0916f576667f36ea1,2019-09-17 13:44:24,50,50,50,50,weiblich,15,0,2,4,unter 10
780,1ac3445eeb244a75ac6d50afe4d8678a,2019-09-17 13:44:34,50,50,38,50,männlich,5,0,0,5,Ein mal
781,4aa308db7d1e4d809db9f8966f005b66,2019-09-17 14:55:39,100,100,100,100,weiblich,14,0,0,3,mehr als 10 mal
782,d9a1c646faa2486dbf62c4defbd76dfd,2019-09-17 14:56:31,50,75,70,100,weiblich,14,0,0,0,Ein mal
783,7c668695bbbd4d6d9d4df6ea6284227c,2019-09-17 14:59:32,50,50,50,82,weiblich,42,0,25,0,Noch nie
784,da7e399876544e2fb7a775fe57d8f6a8,2019-09-17 15:00:14,100,100,50,100,weiblich,15,0,0,2,unter 10
785,c7bf4f4fd4bb400b920032618222c7b5,2019-09-17 15:03:21,70,82,50,75,weiblich,14,0,0,0,Ein mal
786,c503bd81920d4e6ea04a7ebc92c2d07e,2019-09-17 15:03:22,100,100,99,100,keine Angabe,5,0,0,0,unter 10
787,ef038ae210f34ccd8d59900ef6321768,2019-09-17 15:06:21,68,65,66,62,weiblich,14,0,0,0,unter 10
788,7397c6fa42a34ea797b79e43c028c102,2019-09-17 15:06:27,100,100,100,100,weiblich,15,0,0,4,Ein mal
789,2fb867ffc47a49459c661a83eabecc8c,2019-09-17 15:09:06,100,100,100,70,intersex,15,1,56,6,mehr als 10 mal
790,2310830483bc48b4a982f63fadf818c3,2019-09-17 15:09:30,100,100,100,100,männlich,14,0,0,8,Ein mal
791,20ef197199f94b8797a4ea59616cecbf,2019-09-17 15:27:06,42,64,86,73,männlich,18,0,1,0,unter 10
792,9d0878ba021a4110b48f936d1ccfc8a6,2019-09-17 15:28:32,30,65,80,51,männlich,17,0,0,7,unter 10
793,ca69ebe8a4a3408bbce276601b6f0f68,2019-09-18 13:07:31,100,100,100,100,männlich,60,0,40,0,Noch nie
794,db80cacb2bb148edaba1fd28fc9026b0,2019-09-18 16:57:32,50,5,40,83,weiblich,23,0,4,0,unter 10
795,5f3d553fa7bf4b1fac38caf554590d10,2019-09-18 16:58:16,10,50,50,30,weiblich,23,1,4,0,Noch nie
796,fd36ecad2c074fda979c1650efcf1cfa,2019-09-19 07:23:23,90,89,94,91,männlich,51,0,32,1,Noch nie
797,1e5bbaffd52d48afbe091b7feb3a70ab,2019-09-19 09:48:18,73,89,95,100,weiblich,75,0,40,3,Noch nie
798,2368d257a58446fc98f241213a9c0c8b,2019-09-19 13:35:33,50,13,50,80,männlich,18,0,1,2,unter 10
799,71c7525edf7a47bb9d2024fbe4b4b9a0,2019-09-19 13:39:30,0,50,0,17,intersex,53,1,30,0,unter 10
800,48b71d0b61714723a3c6bf980a67e9b4,2019-09-19 13:55:56,0,50,50,30,männlich,33,0,10,0,unter 10
801,18916d8a014244a68f1075e12e36865d,2019-09-19 16:34:15,50,50,50,78,männlich,80,0,62,0,unter 10
802,3fb4670b4bef408b964e0b0b38a20d54,2019-09-19 17:46:06,90,70,50,40,männlich,35,0,17,5,unter 10
803,51efae4c6ba04b4f98a6d6ded20e45fb,2019-09-20 09:27:23,100,100,100,100,männlich,60,0,42,0,Noch nie
804,c645e9a3fbb04e2d88380417f22b8c03,2019-09-20 09:27:23,87,100,78,84,weiblich,27,0,10,0,Noch nie
805,c197efe2550b4914a58b1e1c8c25f239,2019-09-20 09:31:14,80,72,87,87,männlich,33,0,3,0,unter 10
806,4ba22d5c6b4841d6b9aa5ff127e4ca15,2019-09-20 09:57:36,100,100,100,85,männlich,54,0,34,0,unter 10
807,c78358c6c3e04510b3d25c737e31cf3f,2019-09-20 11:01:56,83,0,100,0,intersex,17,1,10,90,mehr als 10 mal
808,69daa6b1432e4be584ea66b2cf841dfe,2019-09-20 11:02:07,66,74,80,65,männlich,17,0,1,3,unter 10
809,90dd294a18d445cba4d95b08594b79ac,2019-09-20 11:05:11,100,100,79,75,männlich,16,0,1,20,Noch nie
810,74625c63229c4d31942b5d73d1bb6bd1,2019-09-20 11:05:28,39,75,78,100,männlich,17,0,17,5,unter 10
811,bf91bd4fc7944162baa889ee571d47dc,2019-09-20 11:32:25,7,25,16,10,weiblich,17,0,0,1,Ein mal
812,9548b21b9cd84959aa04890ff8bf0445,2019-09-20 11:34:25,50,50,50,50,männlich,17,0,1,1,Noch nie
813,f400d3d6fed9447ea3ddb38edc6350dc,2019-09-20 11:37:26,50,50,50,50,männlich,17,0,1,3,Noch nie
814,b00d57249a8e4d6b956973b38fa7fc64,2019-09-20 11:41:51,73,76,36,47,männlich,17,0,1,15,Noch nie
815,6ef91f0225c649ad81fd016ec0890dea,2019-09-20 13:26:17,50,50,41,11,weiblich,66,0,46,0,Noch nie
816,f89d300dd28044af9fadb1c5cea0a51b,2019-09-20 13:30:27,11,9,37,33,männlich,62,0,44,0,unter 10
817,f9c71d98b5d842e182befab3f6cf538c,2019-09-20 13:36:42,50,50,91,73,weiblich,8,0,0,0,Noch nie
818,d08ebcc1d30143ebb5a57b9215bdd681,2019-09-20 13:44:14,98,100,96,75,weiblich,51,1,25,0,Noch nie
819,620b2ec504304a5baf24f7b951ce5d7b,2019-09-20 13:46:29,100,100,100,86,männlich,52,0,35,0,unter 10
820,0a1ffe44f3284008b74d53d345cfd6a8,2019-09-20 14:20:04,75,83,71,75,weiblich,57,0,39,0,unter 10
821,ed32759c3cf1423bab04a9879a0a5b18,2019-09-20 14:23:35,75,75,75,75,weiblich,57,0,39,0,unter 10
822,eadcb5eadeef46689d852bc2327c5706,2019-09-23 11:06:54,73,52,50,81,männlich,66,1,48,0,Noch nie
823,9ac84825faeb48d484192ebd10759d74,2019-09-23 11:07:25,25,50,6,51,weiblich,59,1,41,0,Noch nie
824,ca40e5d5fce94763b84a352ce4739778,2019-09-23 11:29:40,35,50,40,27,männlich,67,0,48,0,unter 10
825,2065be8ac47247318e6cc0a52aa6380f,2019-09-23 11:29:59,50,30,15,24,männlich,49,0,32,0,unter 10
